ID,Groups,Company,email,website,profile,address,CIA - AKA,CIA - MKT,country,GEO code,GEO coord,GMaps,SECTOR,PTEs,BRANDs,Notes;;;;;;;
"1,LSN,A Fectoría Ecolóxica (es),,https://www.the-bio-factory.com/,,""A Factoría Ecolóxica"; Pol- de Pocomaco, primera avenida, parcela C1, nave 3;15190; A Coruña;" SPAIN"",the bio factory (es),,Spain,,""43.33537144264918, -8.422904145886847"",""https://www.google.com/maps/search/?api=1&query=43.33537144264918,-8.422904145886847"",frozen desserts,ice-cream,,2026/04 Lasenor";;;
2,LSN,ABCD nutrition (fr),,http://abcdnutrition.com/,,513 rue Robert Estienne;60400; Noyon;" FRANCE,Guaranteed Gluten Free (GGF),ABCD Nutrition Groupe (grp),France,FR-1003,""49.575649212993696, 3.028357005788655"",""https://www.google.com/maps/search/?api=1&query=48.09324711413949,-0.7536558212888065"",bakery,,Céliane - Gluten free,2026/04 Lasenor";;;;
3,LSN,Actalia Innovation (fr),,https://www.actalia-innovation.com/,,310 rue Popielujko; Saint-Lô;50000; Normandie;" FRANCE,,,France,FR-0703,""49.10087537834659, -1.0783243649663925"",""https://www.google.com/maps/search/?api=1&query=47.74263555257581,7.340086269263209"",enginy / SVCs,,,03/2026 Lasenor";;;
"4,LSN,Actibio (fr),,https://www.actibio.net/,,""10 Rue Ferdinand Buisson, 53810 Changé, FRANCE"",,,France,FR-0703,""48.09324711413949, -0.7536558212888065"",""https://www.google.com/maps/search/?api=1&query=47.74263555257581,7.340086269263209"",""bakery, xoco"",,,2026/04 Lasenor";;;;;;;
"5,LSN,Activ'Inside (fr),,http://www.activinside.com/,,""Activ'Inside"; 12, route de Beroy, ZA du Grand Cazau;33750; Beychac et Caillau; Nouvelle-Aquitaine;" FRANCE"",Activ Inside (fr) / Activ'Inside (fr) / Active Inside (fr) / ActivInside (fr) / ActiveInside (fr),,France,FR-0203,""44.88141059690801, -0.34798486553258323"",""https://www.google.com/maps/search/?api=1&query=45.465110166332956,4.8323749472649515"",nutra / pharma,,,2026/04 Lasenor";;
6,LSN,Ad Pack (fr),,http://www.adpack.fr,,5 zone de Guilloron;42520; Maclas;" FRANCE,,,France,FR-0601,""45.35494762509038, 4.673230208222637"",""https://www.google.com/maps/search/?api=1&query=49.20054643428809,-0.3754732739459302"",equipment,,,2026/04 Lasenor";;;;
"7,LSN,adeis - Additive & Ingredient Solutions (ma),,https://www.adeis.com/,,""Parc Industriel Oulad Saleh, Nº I3G12"; Bouskoura;27182; Casablanca;" MOROCCO"",,,Morocco,,""33.42622248986742, -7.639156291737861"",""https://www.google.com/maps/search/?api=1&query=48.61486227476596,2.478690370992875"",additives,,,2025/06 Lasenor";;;
8,LSN,Adeka Palmarole (fr),,http://www.adeka-pa.eu/,,ADEKA Polymer Additives; 13 RUE DU 17 NOVEMVRE;68100; MULHOUSE;" FRANCE,,,France,FR-0901,""47.74263555257581, 7.340086269263209"",""https://www.google.com/maps/search/?api=1&query=48.82694763994465,2.260659477998564"",chemical,,,2026/04 Lasenor";;;
9,LSN,Adeka Polymer Additives Europe (fr),,http://www.adeka-pa.eu/,,ADEKA Polymer Additives; 13 RUE DU 17 NOVEMVRE;68100; MULHOUSE; FRANCE,Adeka Polymer Additives Europe (fr);" Adeka Palmarole (fr),,France,FR-0901,""47.74263555257581, 7.340086269263209"",""https://www.google.com/maps/search/?api=1&query=44.88912900202673,4.8874716955532005"",chemical,,,2026/04 Lasenor";;
"10,LSN,Adetis Ingredients (fr),,https://adetis-ingredients.fr/,,""4 rue des Ajusteurs, ZI Ouest Les Dorices";44330; Vallet;" FRANCE"",,,France,FR-0701,""47.18301182315218, -1.2591846377941045"",""https://www.google.com/maps/search/?api=1&query=43.45602674834252,5.679624281357696"",""partner, BIO"",,,""2026/04 Lasenor";;;;
"Cfia Rennes 2026 (fr)""";;;;;;;
11,LSN,Adisseo (fr),,http://www.adisseo.com,,114 Av. Berthelot;38370; Saint-Clair-du-Rhône;" FRANCE,,,France,FR-0602,""45.447638123353734, 4.767555649527714"",""https://www.google.com/maps/search/?api=1&query=48.87043093346531,2.3349184400116836"",feed,,,2026/04 Lasenor";;;;
12,LSN,Adivec (fr),,https://www.adivec.fr/,,10 bis rue de Lahire;45000; Orléans;" FRANCE,,,France,FR-0803,""47.90772536911211, 1.8971842552057068"",""https://www.google.com/maps/search/?api=1&query=44.642501016166015,6.157621824003577"",ingredients,,,2026/04 Lasenor";;;;
13,LSN,ADM (grp),,https://www.adm.com/,,Rte de Talhouët;56250; Saint-Nolff;" FRANCE,,ADM (grp),France,FR-0702,""47.700962580719526, -2.664795642464769"",""https://www.google.com/maps/search/?api=1&query=41.75397559486392,1.8626557170973632"",additives,,,2026/04 Lasenor";;;;
14,LSN,ADP Laboratoire (fr),,https://www.adplaboratoire.com/,,ADP Laboratoire; ZA du Saluant;38121; Reventin-Vaugris;" FRANCE,,,France,FR-0602,""45.465110166332956, 4.8323749472649515"",""https://www.google.com/maps/search/?api=1&query=48.85454917074884,2.331803690373799"",""nutra / pharma, food"",,,2026/04 Lasenor";;;
15,LSN,Agri Bio Conseil (fr),,http://www.agribioconseil35.com,,Agri Bio Conseil (fr); 1 All. de la Vilaine;35470; Bain-de-Bretagne;" FRANCE,,,France,FR-0702,""47.85741227938734, -1.6815719936669478"",""https://www.google.com/maps/search/?api=1&query=43.886032022462814,5.360264036785702"",""ingredients, BIO"",,,2026/04 Lasenor";;;
16,LSN,Agrial (grp),,http://www.agrial.com/,,Agrial; 4 Rue des Roquemonts;14000; Caen;" FRANCE,,,France,FR-0703,""49.20054643428809, -0.3754732739459302"",""https://www.google.com/maps/search/?api=1&query=48.55284211732332,-3.1124136448337887"",""dairy, food"",,,2026/04 Lasenor";;;
17,LSN,AIT Ingredients (fr),,https://www.ait-ingredients.com/,,AIT Ingredients; 7 Quai de l'Apport Paris;91100; Corbeil-Essonnes;" FRANCE,Ait Ingredients (fr),,France,FR-0802,""48.61486227476596, 2.478690370992875"",""https://www.google.com/maps/search/?api=1&query=38.076449645103445,-1.2246508447813282"",bakery,,,2026/04 Lasenor";;;
18,LSN,Alain Ducasse (fr),,http://www.ducasse-paris.com,,Alain Ducasse; 3 Esp. du Foncet;92441; Issy-les-Moulineaux;" FRANCE,""Groupe Ducasse Paris (fr), Manufactures Alain Ducasse (fr)"",,France,FR-0802,""48.82694763994465, 2.260659477998564"",""https://www.google.com/maps/search/?api=1&query=48.0819923350479,1.8683046917402357"",""xoco, frozen desserts, bakery"",""dolç, ice-cream, biscuit / coca"",,2026/04 Lasenor";;;
"19,LSN,Alain-Milliat (fr),,https://alain-milliat.com/,,""17 All. James Joule, 26000 Valence, FRANCE"",alain milliat (fr),,France,FR-0601,""44.88912900202673, 4.8874716955532005"",""https://www.google.com/maps/search/?api=1&query=50.325798087685676,2.988463620654309"",beverage,,,2026/04 Lasenor";;;;;;;
"20,LSN,Alfagel (fr),,https://alfagel.com/,,""Alfagel"; ZI La Burlière, 38 rue Simone Veil;13530; Trets en Provence;" FRANCE"",,,France,FR-0303,""43.45602674834252, 5.679624281357696"",""https://www.google.com/maps/search/?api=1&query=43.29349835875433,-1.9001800291366224"",frozen desserts,""ice-cream, biscuit / coca"",""Maison de la Glace, Popelino, Pop Fruit, Pop Polo"",2026/04 Lasenor";;;
"21,LSN,Alimani (ma),,https://www.alimani.ma/,,""Lot 326, ZI Mejjat"; Meknès;50000;" MOROCCO"",,,Morocco,,""33.824230859481354, -5.5252177722373546"",""https://www.google.com/maps/search/?api=1&query=47.01410356022731,4.849091086814029"",bakery,,,""2025/06 Lasenor";;;;
"contacte David Yañez""";;;;;;;
22,LSN,Alliance Maestria (fr),,https://www.maestria.fr/fr/,,Alliance Maestria; 1 Rue Denis Papin; 09100; Pamiers;" FRANCE,,,France,FR-0202,""43.12065108803653, 1.61993176638679"",""https://www.google.com/maps/search/?api=1&query=48.065721363616234,0.2821150573436527"",chemical,,,2026/04 Lasenor";;;
"23,LSN,almalibre (es),,https://www.almalibreacaihouse.com/,,""Carrer de Roteros, 16, bajo izquierda, Ciutat Vella";46003; València; Valencia;" SPAIN"",açaí house (es),,Spain,,""39.479189759933845, -0.3774670957217932"",""https://www.google.com/maps/search/?api=1&query=48.56859097952716,2.028175164569338"",frozen desserts,ice-cream,,2026/03 Lasenor";;;
"24,LSN,Almimet (fr),,http://www.almimet.com/,,""Almimet"; 18, RUE DE LA MICHODIERE;75002; PARIS;" FRANCE"",,,France,FR-0801,""48.87043093346531, 2.3349184400116836"",""https://www.google.com/maps/search/?api=1&query=36.765429666502236,-4.092598383529764"",additives,,,2026/04 Lasenor";;;
25,LSN,Alpes Biscuits (fr),,http://www.alpesbiscuits.com/; https://www.biosoleil.com/,,Alpes Biscuits; 72 Rte du Bout du Lac za Artisanale;74210; Lathuile;" FRANCE,,,France,FR-0602',""45.78958431470339, 6.211070677012403"",""https://www.google.com/maps/search/?api=1&query=47.738574933827365,-3.499358670631465"",""bakery, BIO"",,,2026/04 Lasenor";;
26,LSN,Alti Flore (fr),,https://www.altiflore.com/fr/,,Boutique AltiFlore - Bar à glaces Le petit Randonneur; 1205 route d’Orcière Les Estèves; 05260; Chabotter;" FRANCE,Altiflore (fr),,France,FR-0303,""44.642501016166015, 6.157621824003577"",""https://www.google.com/maps/search/?api=1&query=50.69617329144352,2.2714290043907783"",frozen desserts,,,2026/04 Lasenor";;;
"27,LSN,Andreu Alimentació (cat),,https://www.grupandreu.com/,,""Carrer Pica d'Estats, 119"; 08272; Sant Fruitós de Bages; Barcelona;" SPAIN"",Andreu Alimentacio (cat),,Spain,,""41.75397559486392, 1.8626557170973632"",""https://www.google.com/maps/search/?api=1&query=47.63129377671855,1.4831084119405231"",food,,,2026/04 Lasenor";;;
28,LSN,Andros (fr),,https://www.andros.fr/,,Andros R&D Center; La Raufie No. 3;19120; Altillac;" FRANCE,,Andros (grp),France,FR-0501,""44.98805606759149, 1.8654291137540961"",""https://www.google.com/maps/search/?api=1&query=48.64253679414266,-0.7128131601650856"",""bakery, confectionary"",,,2026/04 Lasenor";;;
29,LSN,Andros R&D (fr),,https://www.andros.fr/,,Andros R&D Center; La Raufie No. 3;19120; Altillac;" FRANCE,,Andros (grp),France,FR-0501,""44.98805606759149, 1.8654291137540961"",""https://www.google.com/maps/search/?api=1&query=47.709683189013106,-3.346208978447921"",""bakery, confectionary"",,,2026/04 Lasenor";;;
"30,LSN,Angiolo (fr),,https://angiolo.com/,,""Laboratoire de Haute Glacerie"; Saint-Germain-des-Prés, 180 Boulevard Saint-Germain;75006; Paris;" FRANCE"",,,France,FR-0801,""48.85454917074884, 2.331803690373799"",""https://www.google.com/maps/search/?api=1&query=45.26838877303167,4.86192667753603"",frozen desserts,ice-cream,,2026/04 Lasenor";;;
31,LSN,Antartic II (fr),,https://recrutement.agromousquetaires.com/unite-production/antartic-2/,,ZA; 07800; CHARMES SUR RHONE;" FRANCE,""Antartic II (fr), Agromousquetaires (fr)"",Les Mousquetaires (grp),France,FR-0601,""44.86951347235059, 4.841653395087274"",""https://www.google.com/maps/search/?api=1&query=48.51389346978803,-4.763862100911205"",salses,,,2026/04 Lasenor";;;;
32,LSN,aptunion (fr),,https://www.aptunion.com/,,Aptunion; 540 Quartier Salignan;84400; Provence-Alpes-Côtes d'Azur;" FRANCE,Aptunion Industrie (fr),Mireolian (grp),France,FR-0302,""43.886032022462814, 5.360264036785702"",""https://www.google.com/maps/search/?api=1&query=47.738574933827365,-3.499358670631465"",""confectionary, nutra / pharma"",dolç,,2026/04 Lasenor";;;
"33,LSN,Armor Délices (fr),,https://www.armor-delices.fr/,,""ZI de Bellevue, 2 Imp. des Ajoncs, 22200 Saint-Agathon, FRANCE"",Armor Delices (fr),Goûters Magiques (grp),France,FR-0702,""48.55284211732332, -3.1124136448337887"",""https://www.google.com/maps/search/?api=1&query=44.36113523588465,1.2497932987167732"",bakery,biscuit / coca,Armor Délices,2026/04 Lasenor";;;;;;;
34,LSN,Armor Protéines (fr),,https://www.armor-proteines.fr/; https://www.armor-dairy.com/,,19 bis rue de la Libération; Saint-Brice-en-Coglès;35460; Maen Roch;" FRANCE,,Groupe Savencia (fr),France,FR-0703,""48.41537807943048, -1.3626213065937918"",""https://www.google.com/maps/search/?api=1&query=49.977496334352956,3.4458705365740454"",""dairy, ingredients"",,,""2026/04 Lasenor";;
"Armor Protéines (fr) / Armor Proteines (fr)""";;;;;;;
35,LSN,Aroma Sense (fr),,http://www.aromasense.fr,,3 All. des Maraîchers;13013; Marseille;" FRANCE,,,France,FR-0301,""43.34000897060873, 5.433073048702692"",""https://www.google.com/maps/search/?api=1&query=48.70361555570298,1.8546557157843597"",additives,,,2026/04 Lasenor";;;;
"36,LSN,Aromas Arconsa (es),,https://www.martinbraun.es/es-ES/categoria-de-producto/heladeria,,""Martin Braun"; Montevideo, s/n;30500; Molina de Segura; Murcia ;" SPAIN"",Martin Braun (es),Martin Braun Gruppe (grp),Spain,,""38.076449645103445, -1.2246508447813282"",""https://www.google.com/maps/search/?api=1&query=49.19912235671655,-0.2956291507517867"",additives,,,2026/04 Lasenor";;
37,LSN,artenay foods (fr),,https://artenayfoods.com/,,Artenay Foods; Route Departementale N 5;45410; Artenay;" FRANCE,Artenay Bars (fr),,France,FR-0803,""48.0819923350479, 1.8683046917402357"",""https://www.google.com/maps/search/?api=1&query=48.40021888474747,-1.3131115622323446"",""confectionary, xoco"",""cereals, dolç"",,2026/04 Lasenor";;;
38,LSN,Artésienne de Minoterie (fr),,http://www.artesiennedeminoterie.com/,,Artesienne de Minoterie; 8 Rue du Moulin;62490; Vitry-en-Artois;" FRANCE,Artesienne de Minoterie (fr),,France,FR-1002,""50.325798087685676, 2.988463620654309"",""https://www.google.com/maps/search/?api=1&query=47.83250677682884,-0.2995469635349581"",bakery,,,""2026/04 Lasenor";;;
" Artésienne de Minoterie (fr) / Artesienne de Minoterie (fr)""";;;;;;;
39,LSN,ATC Tannery Chemicals (fr),,http://www.atc.fr/,,CL 193 ALLEE CROIX DES HORMES Z.ATISAN;69250; MONTANAY;" FRANCE,,,France,FR-0602,""45.88242380620377, 4.876295115726101"",""https://www.google.com/maps/search/?api=1&query=50.14226576738416,4.811525292277925"",chemical,,,2026/04 Lasenor";;;;
"40,LSN,Auxiliar de Productos Alimentarios (es),,https://www.apasa.es/,,""Egiburuberri Pasealekua Ibilbidea, 23c";20100; Errenteria; Gipuzkoa;" SPAIN"",Apasa (es),,Spain,,""43.29349835875433, -1.9001800291366224"",""https://www.google.com/maps/search/?api=1&query=46.14350489524711,5.283815279270079"",additives,,,2026/04 Lasenor";;;
41,LSN,Balarama (fr),,https://balarama.eu/,,Balarama; 20 Rue Edouard Branly;37230; Fondettes;" FRANCE,,,France,FR-0403,""47.40976837682914, 0.6255861037384975"",""https://www.google.com/maps/search/?api=1&query=43.36289663514209,-0.39138057174037544"",""bakery, snacks, oils"",cereals,,2026/04 Lasenor";;;
42,LSN,Baracao (ma),contact@baracao.ma,https://baracao.ma/,,ZI Sidi Maarouf; Casablanca;20280;" MOROCCO,,,Morocco,,""33.51027750252043, -7.660667420890989"",""https://www.google.com/maps/search/?api=1&query=45.066046722117896,4.867313389032175"",xoco,xoco (per venta B2B),,""2026/06 Lasenor";;;;
"visita 30/06/26""";;;;;;;
"43,LSN,Barentz (fr),,https://www.barentz.com/,,""Tour Egée, 9-11 Allée de l'Arche";92400; Courbevoie;" FRANCE"",,,France,FR-0802,""48.895131314377025, 2.238276122392515"",""https://www.google.com/maps/search/?api=1&query=46.187693849243665,5.300748978330353"",""additives, ingredients, partner"",,,2026/04 Lasenor";;;;
"44,LSN,Barry Callebaut Manufacturing France (fr),,https://www.barry-callebaut.com/,,""Barry Callebaut"; 5, BD MICHELET, BP 40;78250; HARDRICOURT;" FRANCE"",,Barry Callebaut (grp),France,FR-0802,""49.003782419177476, 1.8997678626484897"",""https://www.google.com/maps/search/?api=1&query=47.49023263527682,4.351830692873167"",salses,,,2026/04 Lasenor";;;
45,LSN,BASF (fr),,https://www.basf.com/fr/fr,,BASF Beauty Care Solutions France S.A.S.; 3 rue de Seichamps;54425; Pulnoy;" FRANCE,BASF Beauty Care Solutions (fr),BASF (grp),France,FR-0903,""48.70384727299084, 6.259133577546352"",""https://www.google.com/maps/search/?api=1&query=43.98352745068067,1.325982360296557"",""bakery, cosmetic"",,,2026/04 Lasenor";;;
46,LSN,BASF Beauty Care Solutions (fr),,https://www.basf.com/fr/fr,,BASF Beauty Care Solutions France S.A.S.; 3 rue de Seichamps;54425; Pulnoy;" FRANCE,BASF Beauty Care Solutions (fr),BASF (grp),France,FR-0903,""48.70384727299084, 6.259133577546352"",""https://www.google.com/maps/search/?api=1&query=47.483581399695254,4.348884789102491"",""bakery, cosmetic"",,,2026/04 Lasenor";;;
"47,LSN,Beaune Brioche (fr),,https://www.laboulangere.com/,,""Rte de Verdun, 21200 Beaune, FRANCE"",,""norac foods (grp), La Boulangère (grp)"",France,FR-0603,""47.01410356022731, 4.849091086814029"",""https://www.google.com/maps/search/?api=1&query=49.387883692307035,1.0793944758131813"",bakery,,,2026/04 Lasenor";;;;;;;
48,LSN,Bello & Angeli (fr),,https://www.belloangeli.fr/,,Bello & Angeli; 4 rue Victor Hugo;31000; Toulouse;" FRANCE,Artisan Chocolatier Glacier Bello & Angeli (fr),,France,FR-0202,""43.606011147326505, 1.4474692031564995"",""https://www.google.com/maps/search/?api=1&query=47.20055319318511,-1.6367754572628581"",""xoco, frozen desserts"",""dolç, xoco, ice-cream, biscuit / coca"",,2026/04 Lasenor";;;
49,LSN,Best Biscuits Maroc - BBM (ma),,https://bebiscuits.ma/,,Lot 121 Zone Industrtielle Sahel; Soualem;" MOROCCO,,ANOUR INVEST,Morocco,,""33.42140815569906, -7.8385924882117415"",""https://www.google.com/maps/search/?api=1&query=48.73568716014111,2.7863384186910913"",""bakery, xoco"",""biscuits, génoise, i pastissets de xoco"",""Excelo (biscuits), Be! (biscuits), PICKËRS (gaufrette)"",2026/06 Lasenor";;;;;
"50,LSN,Best Brands (tn),,www.bestbrands.com.tn,,""Lot 10, ZI El Agba";2087; Tunis;" TUNISIA"",,,Tunisia,,""36.791568288724854, 10.070374141050959"",""https://www.google.com/maps/search/?api=1&query=43.43563308678571,5.2437941671216235"",""bakery, instant, beverage, confectionary, frozen desserts"",""premixes bakery, premixes pastry, instant beverage"",""SMART CHEF, Fruit'O, Fresco"",2026/05/11 Lasenor visita";;;;
"51,LSN,Bico de Xeado (es),,https://bicodexeado.es/,,""Bico de Xeado"; Rúa Parroquia de Rois, D-4;15165; Bergondo; A Coruña;" SPAIN"",""Cooperativa Agraria Provincial de A Coruña, S. Coop. Galega, CAP"",,Spain,,""43.313718684495775, -8.272032929241174"",""https://www.google.com/maps/search/?api=1&query=43.76812415917407,1.6673380045723967"",frozen desserts,ice-cream,,2026/04 Lasenor";;
52,LSN,Bihur (fr),,https://www.bihur.eus/,,33 Lakurako Bidea;;64240; Ayherre;" FRANCE,,,France,FR-0103,""43.38838115251162, -1.2717722820806208"",""https://www.google.com/maps/search/?api=1&query=49.5408598349932,1.0619712343046812"",""enginy / SVCs, ingredients"",lutte contre le gaspillage alimentaire,,2026/04 Lasenor";;;
"53,LSN,Biodevas Laboratoires (fr),,https://biodevas.fr/,,""Biodevas Laboratoires, 21 Rue des Chardons, 72460 Savigné-l'Évêque, FRANCE"",,,France,FR-0703,""48.065721363616234, 0.2821150573436527"",""https://www.google.com/maps/search/?api=1&query=45.72645408277015,4.959566244101771"",feed,,,2026/04 Lasenor";;;;;;;
"54,LSN,Bionov Robertet (fr),,https://www.robertet.com/,,""Bionov"; Miniparc Euromédicine, 939 rue de la Croix Verte;34090; Montpellier;" FRANCE"",,,France,FR-0301,""43.644185036344055, 3.8430567176106267"",""https://www.google.com/maps/search/?api=1&query=49.930995242717614,2.268905192111262"",ingredients,,,""2026/06 Lasenor";;;
División de salud y belleza del Grupo Robertet, líder mundial en materias primas naturales aromáticas. Extractos botánicos, aceites esenciales.;;;;;;;
"Bionov, filial de Robertet""";;;;;;;
"55,LSN,Biosynthis (fr),,http://www.biosynthis.com/,,""Biosynthis"; CL 4 BIS, RUE DE FOISNARD;91410; ST CYR S/S DOURDAN;" FRANCE"",,,France,FR-0803,""48.56859097952716, 2.028175164569338"",""https://www.google.com/maps/search/?api=1&query=47.0016809220347,-0.6493853200406436"",additives,,,2026/04 Lasenor";;;
"56,LSN,Biotrap (es),,https://www.biotrap.es/,,""Biotrap"; C. Velazquez, 18; Vélez-Málaga; Málaga;" SPAIN"",,,Spain,,""36.765429666502236, -4.092598383529764"",""https://www.google.com/maps/search/?api=1&query=44.85336511381376,4.872628923061698"",frozen desserts,,,2026/04 Lasenor";;;
57,LSN,Birdy nam nam (fr),,http://www.birdy-nam-nam.fr/,,62 Rue de Brest;69002; Lyon;" FRANCE,,,France,FR-0602,""45.76114671670079, 4.832166731998998"",""https://www.google.com/maps/search/?api=1&query=48.650506081301074,6.133625840210464"",frozen desserts,ice-cream,,2026/04 Lasenor";;;;
58,LSN,Biscamine (ma),,,,Km 11.5 Route De Médiouna; Casablanca;20100;" MOROCCO,,,Morocco,,""33.51191476837331, -7.5560807418813045"",""https://www.google.com/maps/search/?api=1&query=44.74002386336281,-0.6132423365215516"",bakery,""biscuits, gaufrettes"",,""2025/06 Lasenor";;;;
Biscuiterie & Confiserie Amine;;;;;;;
"contacte David Yañez""";;;;;;;
59,LSN,Biscuil (fr),,,,Zone Artisanale Lamprat;29270; Plounévézel;" FRANCE,,,France,FR-0702,""48.299910237836166, -3.5560482523613075"",""https://www.google.com/maps/search/?api=1&query=48.75605855343028,2.4742791284220984"",bakery,,,2026/04 Lasenor";;;;
60,LSN,Biscuit International (grp),,https://www.biscuitinternational.com/,,Biscuit International - Montauban; ZI SUD PARAGES;82001; Montauban;" FRANCE,Biscuit International,Biscuit International (grp),France,FR-0202,""43.98352745068067, 1.325982360296557"",""https://www.google.com/maps/search/?api=1&query=47.7558544563426,-2.3600989320034595"",bakery,,,2026/04 Lasenor";;;
61,LSN,Biscuiterie Atelier D (grp),,https://www.biscuiterieatelierd.com/,,Biscuiterie du Fort-Bloqué; 19 boulevard de l’Océan;56270; Ploemeur;" FRANCE,,Biscuiterie Atelier D (grp),France,FR-0702,""47.738574933827365, -3.499358670631465"",""https://www.google.com/maps/search/?api=1&query=48.10495985220617,7.365179326484173"",bakery,biscuit / coca,,2026/04 Lasenor";;;
62,LSN,Biscuiterie Bourdon Patis'Nord (fr),,http://www.gaufresbourdon.fr/,,Patis'Nord; ZA de la Fontaine Colette;62570; Helfaut;" FRANCE,Bourdon Biscuiterie Artisanale (fr),,France,FR-1001,""50.69617329144352, 2.2714290043907783"",""https://www.google.com/maps/search/?api=1&query=47.93121462783758,-4.068917753310067"",""bakery, xoco"",crêpe / pancake,La Gaufre Bourdon,2026/04 Lasenor";;;
63,LSN,Biscuiterie de Bourgogne (fr),,https://www.biscuiterie-bourgogne.com/,,Biscuiterie de Bourgogne; Hameau Le Puits D Edme;89440; Joux-la-Ville;" FRANCE,Chocolaterie Chopard (fr),,France,FR-0803,""47.607212150088145, 3.8636958853086494"",""https://www.google.com/maps/search/?api=1&query=47.2094835735843,-1.5279691626608853"",salses,""xoco, biscuit / coca"",,2026/04 Lasenor";;;
64,LSN,Biscuiterie de Chambord (fr),,https://biscuiteriedechambord.fr/,,Biscuiterie de Chambord; 30 bis rue de Chambord;41250; Maslives;" FRANCE,,,France,FR-0803,""47.63129377671855, 1.4831084119405231"",""https://www.google.com/maps/search/?api=1&query=43.66288522356141,1.46001141641611"",bakery,biscuit / coca,,2026/04 Lasenor";;;
65,LSN,Biscuiterie de l'Abbaye (fr),,http://www.biscuiterie-abbaye.com/,,Biscuiterie de L'Abbaye; Route du Val;61700; Lonlay l'Abbaye;" FRANCE,,,France,FR-0703,""48.64253679414266, -0.7128131601650856"",""https://www.google.com/maps/search/?api=1&query=43.11322788086008,-2.053783916863439"",bakery,biscuit / coca,,2026/04 Lasenor";;;
66,LSN,Biscuiterie de la Citadelle (fr),,https://www.biscuiteriedelacitadelle.bzh/,,Biscuiterie de la Citadelle; 105 Route de Locmalo;56290; Port-Louis;" FRANCE,,Biscuiterie Atelier D (grp),France,FR-0702,""47.709683189013106, -3.346208978447921"",""https://www.google.com/maps/search/?api=1&query=43.08173375836077,-8.257267674257616"",""bakery, confectionary"",""biscuit / coca, dolç, crema"",,2026/04 Lasenor";;;
67,LSN,Biscuiterie de la Pointe Saint-Mathieu (fr),,https://www.biscuiteriedesaintmathieu.com/,,Biscuiterie de la Pointe Saint-Mathieu; 118 Le Lannou;29217; Plougonvelin;" FRANCE,,Biscuiterie Atelier D (grp),France,FR-0702,""48.353056242605376, -4.718495514911155"",""https://www.google.com/maps/search/?api=1&query=49.90353081417036,2.4734733846100325"",""bakery, confectionary"",""biscuit / coca, dolç, crema"",,2026/04 Lasenor";;;
"68,LSN,Biscuiterie de la Tour d’Albon (fr),,http://www.biscuits-bouvard.com/,,""230 Rte de Fondeville, 26140 Anneyron, FRANCE"",,Biscuits Bouvard (grp),France,FR-0601,""45.26838877303167, 4.86192667753603"",""https://www.google.com/maps/search/?api=1&query=45.8606858696833,5.950722832215609"",""bakery, xoco"",,,2026/04 Lasenor";;;;;;;
69,LSN,Biscuiterie de Provence (fr),,https://www.biscuiterie-de-provence.com/,,Biscuiterie de Provence;26110; St. Maurice sur Eygues;" FRANCE,""La Fabrique, Croquettes de Vinsobres, Le Petit Duc"",,France,FR-0302,""44.30055440698952, 5.013627462589204"",""https://www.google.com/maps/search/?api=1&query=45.860880074367515,5.95071301930742"",""bakery, confectionary, xoco"",""biscuit / coca, bakery, dolç, xoco"",""Croquettes de Vinsobres, Biscuiterie de Provence, Le Petit Duc"",2026/04 Lasenor";;;;
"70,LSN,Biscuiterie des Abers (fr),,https://www.biscuiteriedesabers.com/,,""Biscuiterie des Abers"; 55, rue de l'Europe;29840; Porspoder;" FRANCE"",,Biscuiterie Atelier D (grp),France,FR-0702,""48.51389346978803, -4.763862100911205"",""https://www.google.com/maps/search/?api=1&query=50.6767499967108,3.1200158183404643"",""bakery, confectionary"",""biscuit / coca, dolç"",,2026/04 Lasenor";;;
71,LSN,Biscuiterie du Fort-Bloqué (fr),,https://www.biscuiteriedufortbloque.com/,,Biscuiterie du Fort-Bloqué; 19 boulevard de l’Océan;56270; Ploemeur;" FRANCE,,Biscuiterie Atelier D (grp),France,FR-0702,""47.738574933827365, -3.499358670631465"",""https://www.google.com/maps/search/?api=1&query=41.909782754986644,0.4452896705296795"",""bakery, confectionary"",""biscuit / coca, dolç"",,2026/04 Lasenor";;;
72,LSN,Biscuiterie du Quercy (fr),,https://www.biscuiterieduquercy.com/fr/accueil/,,Biscuiterie du Quercy; Les Saules;46800; Barguelonne-en-Quercy;" FRANCE,,,France,FR-0202,""44.36113523588465, 1.2497932987167732"",""https://www.google.com/maps/search/?api=1&query=44.5882063347663,-0.31642410800902526"",bakery,""biscuit / coca, dolç, crêpe / pancake"",,2026/04 Lasenor";;;
"73,LSN,Biscuiterie Dutoit (fr),,http://www.biscuiteriedutoit.com/,,""Biscuiterie Dutoit, ZAC Moulin Mayeux, Rue de Saint-Quentin, 02110 Bohain-en-Vermandois, FRANCE"",Verquin Confiseur,,France,FR-1003,""49.977496334352956, 3.4458705365740454"",""https://www.google.com/maps/search/?api=1&query=42.59588481194007,-8.67340294336795"",bakery,crêpe / pancake,,2026/04 Lasenor";;;;;;;
74,LSN,Biscuiterie Erté (fr),,http://biscuiterie-erte.com/,,Zi du Chemin Vert - 6 Allée des Haphleries;78610; Le Perray-en-Yvelines;" FRANCE,Biscuiterie Erte (fr),,France,FR-0803,""48.70361555570298, 1.8546557157843597"",""https://www.google.com/maps/search/?api=1&query=47.11704904531065,2.616939162774938"",""bakery, xoco"",""biscuit / coca, crêpe / pancake"",Maison Erté,2026/04 Lasenor";;;;
75,LSN,Biscuiterie Jeannette (fr),,https://www.jeannette1850.com/,,Biscuiterie Jennette; 23 Av. du Pays de Caen;14460; Colombelles;" FRANCE,,,France,FR-0703,""49.19912235671655, -0.2956291507517867"",""https://www.google.com/maps/search/?api=1&query=33.59712683214769,-7.6087911216976645"",bakery,biscuit / coca,,2026/04 Lasenor";;;
"76,LSN,Biscuiterie La Mère Poulard (fr),,http://www.biscuiterie-mere-poulard.com/,,""Biscuiterie La Mère Poulard"; ZA du Coglais, Saint-Etienne-en-Cogles;35460; Maen-Roch;" FRANCE"",,,France,FR-0703,""48.40021888474747, -1.3131115622323446"",""https://www.google.com/maps/search/?api=1&query=45.58085524233577,4.794244461107545"",bakery,biscuit / coca,,2026/04 Lasenor";;;
"77,LSN,Biscuiterie La Sablésienne (fr),,https://www.sablesienne.com/fr/,,""1 avenue Jean Monnet, Rue de la Denisière";72300; Sablé-sur-Sarthe;" FRANCE"",,,France,FR-0703,""47.83250677682884, -0.2995469635349581"",""https://www.google.com/maps/search/?api=1&query=48.016907086766864,7.322412064556757"",bakery,""biscuit / coca, crema"",,2026/04 Lasenor";;;;
78,LSN,Biscuiterie Latour (fr),,https://biscuiterielatour.com/,,Biscuiterie Latour; Route de Philippeville; 08600; Givet;" FRANCE,,,France,FR-1003,""50.14226576738416, 4.811525292277925"",""https://www.google.com/maps/search/?api=1&query=50.16621261149202,3.1570804502745426"",bakery,crêpe / pancake,,2026/04 Lasenor";;;
79,LSN,Biscuiterie Les Gaudélices (fr),,https://lesgaudelices.com/,,Les Gaudélices; 100 Chem. du Champ de Chaux; 01250; Tossiat;" FRANCE,Biscuiterie Les Gaudelices (fr),,France,FR-0603,""46.14350489524711, 5.283815279270079"",""https://www.google.com/maps/search/?api=1&query=50.755286592297495,3.1581959070170926"",bakery,biscuit / coca,,2026/04 Lasenor";;;
80,LSN,Biscuiterie Pitot (fr),,https://www.biscuiterie-pitot.fr/,,Biscuiterie Pitot; 145 Av. des Lots;26600; Tain-l’Hermitage;" FRANCE,,,France,FR-0601,""45.066046722117896, 4.867313389032175"",""https://www.google.com/maps/search/?api=1&query=43.591134087542216,5.404179685341061"",bakery,biscuit / coca,,2026/04 Lasenor";;;
"81,LSN,Biscuiterie Tourniayre (fr),,https://www.tourniayre.com/,,""Biscuiterie Tourniayre";" 285 Imp. du Moulin, 80700 Roye, FRANCE"",Verquin Confiseur,,France,FR-1003,""49.70578708136404, 2.7731713624622474"",""https://www.google.com/maps/search/?api=1&query=48.80851204801462,2.475268450459076"",bakery,cono gelat,,2026/04 Lasenor";;;;;;
82,LSN,Biscuits Bouvard (fr),,http://www.biscuits-bouvard.com/,,Biscuits Bouvard; 73 Rue Albert Métras; 01250; Ceyzériat;" FRANCE,,Biscuits Bouvard (grp),France,FR-0603,""46.187693849243665, 5.300748978330353"",""https://www.google.com/maps/search/?api=1&query=43.48137554309861,5.386471595452241"",""bakery, xoco"",""biscuit / coca, crêpe / pancake"",""Lago, Saint Georges, Cantreau, BioAlbon, Les 3 Toques, Pidy, Délos"",2026/04 Lasenor";;;
83,LSN,Biscuits Bouvard (grp),,http://www.biscuits-bouvard.com/,,Biscuits Bouvard; 73 Rue Albert Métras; 01250; Ceyzériat;" FRANCE,,Biscuits Bouvard (grp),France,FR-0603,""46.187693849243665, 5.300748978330353"",""https://www.google.com/maps/search/?api=1&query=42.22915983652382,-1.852063810629856"",""bakery, xoco"",""biscuit / coca, crêpe / pancake"",""Lago, Saint Georges, Cantreau, BioAlbon, Les 3 Toques, Pidy, Délos"",2026/04 Lasenor";;;
84,LSN,Biscuits Cantreau (fr),,http://www.biscuits-bouvard.com/,,25 Rue Henri Aucher;85200; Fontenay-le-Comte;" FRANCE,,Biscuits Bouvard (grp),France,FR-0701,""46.44742367107727, -0.8082884589201558"",""https://www.google.com/maps/search/?api=1&query=48.82984390865514,2.2661712794120565"",""bakery, xoco"",,,2026/04 Lasenor";;;;
85,LSN,Biscuits Mistral (fr),,https://www.biscuits-mistral.fr/,,Biscuits Mistral; 4 Rte de Dijon;21140; Semur-en-Auxois;" FRANCE,,,France,FR-0603,""47.49023263527682, 4.351830692873167"",""https://www.google.com/maps/search/?api=1&query=46.93007799556452,0.37494140229774225"",bakery,biscuit / coca,,2026/04 Lasenor";;;
86,LSN,Biscuits Poult (fr),,https://www.biscuitinternational.com/,,Biscuit International - Montauban; ZI SUD PARAGES;82001; Montauban;" FRANCE,Biscuit International - Montauban,Biscuit International (grp),France,FR-0202,""43.98352745068067, 1.325982360296557"",""https://www.google.com/maps/search/?api=1&query=46.15947326028915,3.414786693666315"",bakery,""biscuit / coca, crêpe / pancake, dolç"",,2026/04 Lasenor";;;
87,LSN,Biscuits Saint Georges (fr),,http://www.biscuits-bouvard.com/,,Biscuits Saint Georges; 47 Rue nationale;49120; Chemillé-en-Anjou;" FRANCE,,Biscuits Bouvard (grp),France,FR-0701,""47.14521418713986, -0.7638558777754314"",""https://www.google.com/maps/search/?api=1&query=48.56340384689709,7.749713805636263"",""bakery, xoco, BIO, BF"",,,2026/04 Lasenor";;;
88,LSN,Bitecone (fr),,www.bitecone.com,,Bitecone; Avenue Jean Jaurès 196;75019; Paris;" FRANCE,,,France,FR-0801,""48.88835331453549, 2.3916730631379997"",""https://www.google.com/maps/search/?api=1&query=48.6133710897844,7.758797125587988"",""frozen desserts, bakery"",ice-cream,,2026/04 Lasenor";;;
"89,LSN,BIZEN - Biscuiterie Zenata (ma),,https://www.instagram.com/bizenpageoffociel/,,""ZI 4, Lot 67 Zenata - Aïn Harrouda";20800; Mohammadia;" MOROCCO"",,,Morocco,,""33.65989427331686, -7.432630209947658"",""https://www.google.com/maps/search/?api=1&query=48.42185207652933,2.466898138878827"",frozen desserts,gelats,,""2026/06 Lasenor";;;;
visita 01/07/26;;;;;;;
"reunió amb gelats""";;;;;;;
90,LSN,BMZ - Biscuiterie Moderne Zine (ma),,http://www.zinecapitalinvest.ma/,,Zone industrielle Sahel route 3011; Soualem;26402;" MOROCCO,,Zine Capital Invest,Morocco,,""33.431082121629764, -7.81648713093853"",""https://www.google.com/maps/search/?api=1&query=46.7313904471789,4.83462164402759"",""xoco, confectionary, bakery, dairy, enginy / SVCs"",""biscuits, gaufrettes, xoco, margarine"",""TOBIGO (xoco biscuits, xoco gaufrettes), Master Cookies, Dwist (xoco gaufrettes), Amarine (margarine de table)"",""2026/06 Lasenor";;;;
visita 30/06/26;;;;;;;
adreça fàbrica: Zone industrielle Sahel route 3011; Soualem;26402; MOROCCO;;;;
33.431082121629764, -7.81648713093853; https://maps.app.goo.gl/wMKAwvY9y897SPyF7;;;;;;
adreça oficina: Lotissement La Colline II N°23, Sidi Maârouf; Casablanca; MOROCCO;;;;;
33.536556900241436, -7.641112328866794;" https://maps.app.goo.gl/KkeyR9CeJiPBdrDRA""";;;;;;
91,LSN,Bon Vivant (fr),,https://bonvivantfrance.com/,,Bon Vivant; Chp de la Perdrix;21140; Semur-en-Auxois;" FRANCE,,,France,FR-0603,""47.483581399695254, 4.348884789102491"",""https://www.google.com/maps/search/?api=1&query=48.55365595324535,-3.119875205224016"",bakery,biscuit / coca,,2026/04 Lasenor";;;
92,LSN,Bonbons Barnier (fr),,https://bonbons-barnier.fr/,,Bonbons Barnier; Rue de la Chênaie;76800; Saint-Étienne-du-Rouvray;" FRANCE,,,France,FR-1003,""49.387883692307035, 1.0793944758131813"",""https://www.google.com/maps/search/?api=1&query=50.271552373727104,2.8673537324997507"",confectionary,""dolç, cereals, biscuit / coca"",,2026/04 Lasenor";;;
93,LSN,Bouvard Alina - Ceyzériat (fr),,http://www.biscuits-bouvard.com/,,Biscuits Bouvard; 73 Rue Albert Métras; 01250; Ceyzériat;" FRANCE,,Biscuits Bouvard (grp),France,FR-0603,""46.187560011927104, 5.300752307009074"",""https://www.google.com/maps/search/?api=1&query=49.582886912237875,3.6562586287878"",""bakery, xoco"",,,2026/04 Lasenor";;;
94,LSN,Bouvard Alina Industrie Dole (fr),,http://www.biscuits-bouvard.com/,,Bouvard Alina Industrie; Rue Georges Louis Buffon;39100; Dole;" FRANCE,,Biscuits Bouvard (grp),France,FR-0603,""47.11368888347597, 5.493669190928649"",""https://www.google.com/maps/search/?api=1&query=50.670814533998325,2.836168725982742"",""bakery, xoco, BIO"",,,2026/04 Lasenor";;;
95,LSN,Bovetti Chocolatier (fr),,https://www.bovetti.com/fr/,,Bovetti Chocolatier; Z.A.E.S. du Moulin Rouge; 7 rue Auguste Lumiere;24120; Terrasson Lavilledieu;" FRANCE,,,France,FR-0501,""45.20314126298517, 1.5409538421417446"",""https://www.google.com/maps/search/?api=1&query=47.99812290364436,3.738862637787698"",salses,""xoco, dolç, crema"",,2026/04 Lasenor";;
"96,LSN,Brenntag (fr),,https://www.brenntag.com/fr-fr/,,""Brenntag";" 90 Av. du Progrès, 69680 Chassieu, FRANCE"",,Brenntag (grp),France,FR-0801,""48.81980688949812, 2.325102936344728"",""https://www.google.com/maps/search/?api=1&query=43.30045282923552,5.502523659039531"",additives,,,2026/04 Lasenor";;;;;;
97,LSN,Brenntag AG Loire Britain (fr),,https://www.brenntag.com/fr-fr/,,Brenntag AG; 14 Rte du Plessis Bouchet;44800; Saint-Herblain;" FRANCE,,Brenntag (grp),France,FR-0701,""47.20055319318511, -1.6367754572628581"",""https://www.google.com/maps/search/?api=1&query=44.47091770874569,4.74824661933085"",additives,,,2026/04 Lasenor";;;
98,LSN,Brenntag Île-de-France (fr),,https://www.brenntag.com/fr-fr/,,Brenntag; Imp. Lavoisier;77220; Tournan-en-Brie;" FRANCE,Brenntag Ile de France (fr),Brenntag (grp),France,FR-0802,""48.73568716014111, 2.7863384186910913"",""https://www.google.com/maps/search/?api=1&query=49.04984704665592,-1.0386014222361166"",additives,,,2026/04 Lasenor";;;
"99,LSN,Disproquima (ma),,https://www.brenntag.com/fr-fr/,,""ZI de Bouskoura, Lot 3, 6 route de Ouled Salah";20180; Bouskoura; Casablanca;" MOROCCO"",,Brenntag (grp),Morocco,,""33.44981863564406, -7.63309951819427"",""https://www.google.com/maps/search/?api=1&query=48.84038745244823,2.2679350637323075"",additives,,,2025/06 Lasenor";;;
100,LSN,Brenntag Méditerranée (fr),,https://www.brenntag.com/fr-fr/,,Brenntag; 21 Bd de l'Europe;13127; Vitrolles;" FRANCE,Brenntag Mediterranee (fr),Brenntag (grp),France,FR-0301,""43.43563308678571, 5.2437941671216235"",""https://www.google.com/maps/search/?api=1&query=47.77562333448516,6.990582979695961"",additives,,,2026/04 Lasenor";;;
101,LSN,Brenntag Midi Pyrénées (fr),,https://www.brenntag.com/fr-fr/,,Brenntag; 1038 Av. des Terres Noires;81370; Saint-Sulpice-la-Pointe;" FRANCE,Brenntag Midi Pyrenees (fr),Brenntag (grp),France,FR-0202,""43.76812415917407, 1.6673380045723967"",""https://www.google.com/maps/search/?api=1&query=48.48817301899543,-2.7179870850992462"",additives,,,2026/04 Lasenor";;;
102,LSN,Brenntag Normandie (fr),,https://www.brenntag.com/fr-fr/,,Brenntag; 12 Sent. des Jumelles;76710; Montville;" FRANCE,,Brenntag (grp),France,FR-1003,""49.5408598349932, 1.0619712343046812"",""https://www.google.com/maps/search/?api=1&query=47.91678490095905,-2.380238566149729"",additives,,,2026/04 Lasenor";;;
103,LSN,Brenntag Rhône Alpes (fr),,https://www.brenntag.com/fr-fr/,,Brenntag; 5 Rue Arago;69680; Chassieu;" FRANCE,Brenntag Rhone Alpes (fr),Brenntag (grp),France,FR-0602,""45.72645408277015, 4.959566244101771"",""https://www.google.com/maps/search/?api=1&query=47.338807961585644,5.104606558977871"",additives,,,2026/04 Lasenor";;;
104,LSN,Brenntag Spécialités (fr),,https://www.brenntag.com/fr-fr/,,Brenntag; 29 Rue de la Vassellerie;80080; Amiens;" FRANCE,Brenntag Specialites (fr),Brenntag (grp),France,FR-1002,""49.930995242717614, 2.268905192111262"",""https://www.google.com/maps/search/?api=1&query=37.93042428399871,-1.1932474112780076"",additives,,,2026/04 Lasenor";;;
105,LSN,Bridor (fr),,https://www.bridor.com/fr-fr/,,Bridor; 8 Chem. des Vergers;26600; Pont-de-l'Isère;" FRANCE,,,France,FR-0601,""45.01512726131743, 4.867814209213697"",""https://www.google.com/maps/search/?api=1&query=48.315016783193435,2.009193052706078"",""bakery, snacks"",""biscuit / coca, bakery"",,2026/04 Lasenor";;;
"106,LSN,Brioche Pasquier (fr),,https://www.pasquier.fr/,,""Brioche Pasquier Cerqueux"; BP 2, Rte d'Yzernay;49360; Les Cerqueux;" FRANCE"",Brioche Pasquier (fr),Brioche Pasquier (grp),France,FR-0701,""47.0016809220347, -0.6493853200406436"",""https://www.google.com/maps/search/?api=1&query=41.54677789313768,2.183327709228211"",bakery,""biscuit / coca, bakery"",,2026/04 Lasenor";;;
107,LSN,Brioche Pasquier Étoile (fr),,https://www.pasquier.fr/,,Brioche Pasquier Étoile; 475 Route de Portes-lès-Valence;26800; Étoile-sur-Rhône;" FRANCE,Brioche Pasquier (fr),Brioche Pasquier (grp),France,FR-0601,""44.85336511381376, 4.872628923061698"",""https://www.google.com/maps/search/?api=1&query=48.48732109578771,-4.275004723866757"",bakery,""biscuit / coca, bakery"",,2026/04 Lasenor";;;
108,LSN,C&DAC (fr),,https://www.cetdac.com/,,C&DAC; 13 Rue du Bois de la Champelle;54500; Vandœuvre-lès-Nancy;" FRANCE,CetDAC (fr),,France,FR-0903,""48.650506081301074, 6.133625840210464"",""https://www.google.com/maps/search/?api=1&query=42.26831238480839,2.9799055502207623"",additives,,,2026/04 Lasenor";;;
109,LSN,Cacolac (fr),,https://www.cacolac.fr/,,Cacolac; Rue Gustave Eiffel;33850; Leognan;" FRANCE,,,France,FR-0203,""44.74002386336281, -0.6132423365215516"",""https://www.google.com/maps/search/?api=1&query=50.44948773083017,3.3388352870642177"",beverage,,,2026/04 Lasenor";;;
110,LSN,Calyxia (fr),,https://calyxia.com/,,Calyxia; 4 Rue des Frères Thonet;94450; Limeil-Brévannes;" FRANCE,Calixia (fr),,France,FR-0802,""48.75605855343028, 2.4742791284220984"",""https://www.google.com/maps/search/?api=1&query=48.53609866244373,-0.48090550068432236"",nutra / pharma,nutra / pharma,,2026/04 Lasenor";;;
"111,LSN,Candia (fr),,http://www.candia.fr/,,""116 Rue George Sand, 42350, La Talaudière, FRANCE"",Sodiaal (fr),,France,FR-0602,""45.47213443681997, 4.4301949014975115"",""https://www.google.com/maps/search/?api=1&query=38.07974230360467,-1.2252248658545928"",""dairy, additives"",,,2026/04 Lasenor";;;;;;;
112,LSN,CAP Solutions Culinaires (fr),,http://cap-culinaires.com/,,CAP Solutions Culinaires; ZI le Brétin;56140; Pleucadeuc;" FRANCE,,,France,FR-0702,""47.7558544563426, -2.3600989320034595"",""https://www.google.com/maps/search/?api=1&query=49.62479868041269,0.747153631200062"",additives,""líquid, crema, dairy, ingredients FOOD"",,2026/04 Lasenor";;;
113,LSN,Capsugel (fr),,https://www.lonza.com/about-us/our-locations/colmar-france,,10 Rue Timken;68000; Colmar;" FRANCE,,Capsugel (grp),France,FR-0901,""48.10495985220617, 7.365179326484173"",""https://www.google.com/maps/search/?api=1&query=43.4878748843995,3.706090375525735"",nutra / pharma,,,2026/04 Lasenor";;;;
"114,LSN,Capsularis (fr),,https://seanova.fr/,,""7-11 Chemin de Kilourin, 29170 Pleuven, FRANCE"",SeaNova,,France,FR-0702,""47.93121462783758, -4.068917753310067"",""https://www.google.com/maps/search/?api=1&query=47.666673307770644,-2.567983821555314"",""nutra / pharma, additives"",,,2026/04 Lasenor";;;;;;;
"115,LSN,CARAGUM Int’l - Le Rove (fr),,https://www.caragum.com/,,""Caragum";" ZAC Les Pielettes, Chemin de la Cride, 13740 Le Rove, FRANCE"",,CARAGUM International (grp),France,FR-0301,""43.379142903162276, 5.22015771952489"",""https://www.google.com/maps/search/?api=1&query=48.203481196839604,5.821100976445046"",additives,,,2026/04 Lasenor";;;;;;
116,LSN,Cargill (fr),,https://www.cargill.com/,,1 Rue de Sèves;50500; Baupte;" FRANCE,,Cargill (grp),France,FR-0703,""49.30548426823501, -1.3621057221385844"",""https://www.google.com/maps/search/?api=1&query=47.37387127826258,5.778318955675303"",chemical,,,2026/04 Lasenor";;;;
117,LSN,Cargill Texturizing Solutions (fr),,https://www.cargill.com/,,1 rue de Sèves;50500; BAUPTE;" FRANCE,,Cargill (grp),France,FR-0703,""49.305639549008305, -1.3621755809017593"",""https://www.google.com/maps/search/?api=1&query=48.22117729373148,-0.6944754599825212"",""chemical, additives"",,,2026/04 Lasenor";;;;
"118,LSN,CARIF - Nantes (fr),,https://www.carif-groupe.com/,,""Bâtiment Sèvre, 12 Bd Georges Pompidou, 44200 Nantes, FRANCE"",,CARIF (grp),France,FR-0701,""47.2094835735843, -1.5279691626608853"",""https://www.google.com/maps/search/?api=1&query=46.843368889985555,5.704915674445992"",bakery,,,2026/04 Lasenor";;;;;;;
119,LSN,CARIF (fr),,https://www.carif-groupe.com/,,CARIF; 4 Imp. de Bordé Basse;31240; L'Union;" FRANCE,,CARIF (grp),France,FR-0202,""43.66288522356141, 1.46001141641611"",""https://www.google.com/maps/search/?api=1&query=42.870753921248834,-2.319463627907073"",bakery,,,2026/04 Lasenor";;;
120,LSN,Carob Powder (dz),,http://www.carob-powder.com,,Rue Bouabderrahmane Fg; Tlemcen;13000;" ALGERIA,,,Algeria,,""34.88783105918322, -1.2985753647798024"",""https://www.google.com/maps/search/?api=1&query=46.93755427590461,0.6264546522642531"",""xoco, beverage, frozen desserts"",,,2026/04 Lasenor";;;;
"121,LSN,Casa Eceiza (es),,https://casaeceiza.com/,,""Casa Eceiza"; Irunzubi Ind., 2;20490; Lizartza; Gipuzkoa;" SPAIN"",,,Spain,,""43.11322788086008, -2.053783916863439"",""https://www.google.com/maps/search/?api=1&query=44.907251640086216,-0.3355016994075802"",""frozen desserts, bakery"",""biscuit / coca, postre, ice-cream"",,2026/04 Lasenor";;
"122,LSN,Casa Grande de Xanceda (es),,https://www.casagrandexanceda.com/,,""Casa Grande de Xanceda"; Lugar Casa Grande de Xanceda, s/n;15685; Mesía; A Coruña;" SPAIN"",,,Spain,,""43.08173375836077, -8.257267674257616"",""https://www.google.com/maps/search/?api=1&query=44.788249560044115,-0.5395691700710369"",""dairy, frozen desserts"",""líquid, dairy, ice-cream"",,2026/04 Lasenor";;
"123,LSN,Cemoi Chocolatier - Perpignan (fr),,http://www.cemoi.fr/,,""Cemoi"; 2980, Av. Julien Panchot;66000; Perpignan;" FRANCE"",,Cémoi (grp),France,FR-0201,""42.67987927838101, 2.8542376658468114"",""https://www.google.com/maps/search/?api=1&query=43.38339773727618,-0.5954816016375104"",salses,,,2026/04 Lasenor";;;
"124,LSN,Cemoi Confiseur Ets de Troyes (fr),,http://www.cemoi.fr/,,""Cemoi"; 6, RUE DU LABOURAT;10000; TROYES;" FRANCE"",,Cémoi (grp),France,FR-0803,""48.314214317707815, 4.077892858010017"",""https://www.google.com/maps/search/?api=1&query=43.5494068349991,1.402793862999886"",salses,,,2026/04 Lasenor";;;
125,LSN,Centres R&D Nestle (fr),,https://www.nestle.fr/,,Centre Recherche Développement Nestlé; RUE DE L'EUROPE;80800; AUBIGNY;" FRANCE,,Nestlé (grp),France,FR-1003,""49.90353081417036, 2.4734733846100325"",""https://www.google.com/maps/search/?api=1&query=48.948393263995115,2.8570511068278472"",food,,,2026/04 Lasenor";;;
"126,LSN,Cereal Partners France - Itancourt (fr),,https://www.nestle-cereals.com/fr/,,""5 Rue du Mont Blanc, 74150 Rumilly, FRANCE"",Cereal Partners Worldwide (fr),Nestlé (grp),France,FR-0602,""45.8606858696833, 5.950722832215609"",""https://www.google.com/maps/search/?api=1&query=44.78824194634835,-0.5396013571807831"",food,,,2026/04 Lasenor";;;;;;;
"127,LSN,Cereal Partners France - Rumilly (fr),,https://www.nestle-cereals.com/fr/,,""5 Rue du Mont Blanc, 74150 Rumilly, FRANCE"",Cereal Partners Worldwide (fr),Nestlé (grp),France,FR-0602,""45.860880074367515, 5.95071301930742"",""https://www.google.com/maps/search/?api=1&query=47.798162555368286,7.1979412994703535"",food,,,2026/04 Lasenor";;;;;;;
128,LSN,Charbonneaux-Bravant (fr),,www.vinaigre.com,,52 rue de la Justice;51100; Reims;" FRANCE,,,France,,""49.26565052771675, 4.033926720121762"",""https://www.google.com/maps/search/?api=1&query=43.58889356440482,3.943950761657788"",salses,vinagres,""Beaufor, Clovis, Percheron, Delouis, La Cuisine d’Autrefois, Antichi Colli, Giovanna Pavarotti, Caroff, Vigean / Huilerie Vigean, Crown’s"",2026/04 Lasenor";;;;
129,LSN,Charles & Alice (fr),,https://www.charlesetalice.fr/,,Chem. des Mourgues;84170; Monteux;" FRANCE,,,France,FR-0801,""44.02621333611185, 4.973414721230017"",""https://www.google.com/maps/search/?api=1&query=43.54945349265407,1.4027402205344626"",""frozen desserts, dairy, food"",ice-cream,,2026/04 Lasenor";;;;
130,LSN,Château Blanc (fr),,https://www.chateau-blanc.com/,,Château Blanc; Avenue de la Marne 344;59700; Marcq en Baroeul;" FRANCE,Chateau Blanc (fr),,France,FR-1002,""50.6767499967108, 3.1200158183404643"",""https://www.google.com/maps/search/?api=1&query=48.94836507829482,2.857115478694373"",bakery,""bakery, biscuit / coca"",,2026/04 Lasenor";;;
"131,LSN,Chelats Sarrate (es),,http://www.chelatssarrate.com/,,""Helados Sarrate"; Pol. Ind. II, Partida El Regue, Parcela 112;22560; Alcampell; Huesca;" SPAIN"",,,Spain,,""41.909782754986644, 0.4452896705296795"",""https://www.google.com/maps/search/?api=1&query=43.44044800286127,5.241511619753704"",frozen desserts,,,2026/04 Lasenor";;
132,LSN,Chiche (fr),,https://onestchiche.fr/,https://www.facebook.com/onestchiche/?locale=fr_FR,Chiche; 53 Av. Carnot;69250; Neuville-sur-Saône;" FRANCE,,,France,FR-0603,""45.88602693539332, 4.828227116843313"",""https://www.google.com/maps/search/?api=1&query=47.879679712580106,-2.8427616835216782"",food,,,2026/04 Lasenor";;;
133,LSN,Chicorée du Nord (fr),,https://www.chicoreedunord.fr,,493 Rte de l'Étoile;62215; Oye-Plage;" FRANCE,,,France,FR-1001,""50.98860049932881, 2.082981292200659"",""https://www.google.com/maps/search/?api=1&query=41.28012295945639,1.978814202974997"",ingredients,alternativa a café,,2026/04 Lasenor";;;;
134,LSN,Chocmod (fr),,https://www.chocmod.com/,,Chocmod; 1av de Flandre;59435; Roncq;" FRANCE,,,France,FR-1002,""50.74636982325096, 3.1195636105441507"",""https://www.google.com/maps/search/?api=1&query=42.26077223131751,3.1050175622495217"",salses,,,2026/04 Lasenor";;;
"135,LSN,Choco Barou (fr),,,,""2 Rue de la Garbotière, 41000 Villebarou, FRANCE"",CPK Blois,Andros (grp),France,FR-0803,""47.61119668478724, 1.3051282844867078"",""https://www.google.com/maps/search/?api=1&query=41.65536899683127,2.7440347034471997"",""bakery, confectionary"",,,2026/04 Lasenor";;;;;;;
"136,LSN,Chocolat Encuentro (fr),,https://www.chocolatencuentro.com/,,""Chocolat Encuentro"; 26 rue Félix Faure, Suivre Parking Hall U Need;59350; Saint-André-Lez-Lille;" FRANCE"",,,France,FR-1002,""50.665182722194174, 3.056893553247278"",""https://www.google.com/maps/search/?api=1&query=41.61168020773166,0.5976027048076237"",xoco,""xoco, dolç, crema"",,2026/04 Lasenor";;;
137,LSN,Chocolat Mathez (fr),,https://mathez.fr/,,Chocolat Mathez; 3 Allée Edmond Forestier;49330; Les Hauts d’Anjou;" FRANCE,,,France,FR-0701,""47.6794293765442, -0.5045350065737931"",""https://www.google.com/maps/search/?api=1&query=43.49075528543187,5.382219123526889"",xoco,dolç,,2026/04 Lasenor";;;
138,LSN,Chocolaterie de Marlieu (fr),,https://chocolats-frigoulette.fr/,,Chocolaterie Marlieu; 241 Chem. de Grand Fontaine;38490; Chimilin;" FRANCE,,,France,FR-0602,""45.573610985385216, 5.610208319821945"",""https://www.google.com/maps/search/?api=1&query=47.494279278675265,-0.49622500714282897"",xoco,""xoco, dolç, crema, biscuit / coca"",,2026/04 Lasenor";;;
139,LSN,Chocolaterie Monbana - Ernée (fr),,https://www.monbana.com/,,Monbana Ernée; Rue Alain Colas;53500; Ernée;" FRANCE,,Saveurs Délices (grp),France,FR-0703,""48.29019763291255, -0.9217793817678416"",""https://www.google.com/maps/search/?api=1&query=44.65020390736683,4.377830528944432"",xoco,""dolç, xoco"",Monbana,2026/04 Lasenor";;;
140,LSN,Chocolaterie Monbana - Saint Saveur des Landes (fr),,https://www.monbana.com/,,Monbana Saint Saveur; 2 ZA de Plaisance;35133; Saint-Sauveur-des-Landes;" FRANCE,,Saveurs Délices (grp),France,FR-0703,""48.341778334312, -1.2995435961803814"",""https://www.google.com/maps/search/?api=1&query=45.99526060634505,6.1235229480305575"",""xoco, instant"",PTE pols INS,Monbana,2026/04 Lasenor";;;
141,LSN,Chocolaterie Monbana (fr),,https://www.monbana.com/,,Monbana Ernée; Rue Alain Colas;53500; Ernée;" FRANCE,,Saveurs Délices (grp),France,FR-0703,""48.29019763291255, -0.9217793817678416"",""https://www.google.com/maps/search/?api=1&query=43.76584692550645,5.362818121896532"",xoco,""dolç, xoco"",Monbana,2026/04 Lasenor";;;
"142,LSN,Chocolaterie Weiss (fr),,https://www.chocolat-weiss.fr/,,""8 Rue Descartes, 42000 Saint-Étienne, FRANCE"",,,France,FR-0602,""45.45022343686932, 4.41683688351554"",""https://www.google.com/maps/search/?api=1&query=45.72755797792946,4.983751234811259"",xoco,,,2026/04 Lasenor";;;;;;;
143,LSN,Chocolats Frigoulette (fr),,https://chocolats-frigoulette.fr/,,Chocolats Frigoulette; 9 les Berangers;26400; Beaufort-sur-Gervanne;" FRANCE,,,France,FR-0601,""44.86013100910028, 5.182190001997242"",""https://www.google.com/maps/search/?api=1&query=46.614284569076105,0.3383104018151567"",xoco,,,2026/04 Lasenor";;;
144,LSN,Chocolats Voisin (fr),,https://www.chocolat-voisin.com/,,Chocolats Voisin; 24 Ave. Joannès Masset;69009; Lyon;" FRANCE,,,France,FR-0602,""45.76966316716933, 4.799549176177546"",""https://www.google.com/maps/search/?api=1&query=49.07165117271733,6.687783705173229"",xoco,""dolç, xoco, crema"",,2026/04 Lasenor";;;
145,LSN,Circul'Egg (fr),,https://circulegg.fr/; reggenerate.circulegg.fr,,Circul'Egg; 21 Rue Charles Lindbergh;35150; Janzé;" FRANCE,,,France,FR-0703,""47.95157485096926, -1.4886557874227693"",""https://www.google.com/maps/search/?api=1&query=44.16397202796289,0.6025680798177053"",ingredients,productes relatius a l'ou,,2026/05 Lasenor";;
"146,LSN,Ciron (fr),,http://www.ciron.com/,,""Produits Chimiques Du Ciron";" 738 Château de Pernau, 33720 Barsac, FRANCE"",Produits Chimiques Du Ciron,,France,FR-0203,""44.5882063347663, -0.31642410800902526"",""https://www.google.com/maps/search/?api=1&query=38.880228251218014,-6.97342829662204"",chemical,,,2026/04 Lasenor";;;;;;
147,LSN,Clesa (es),,https://clesa.net/,,Clesa; Soutelo Darriba;36650; Caldas de Reis; Pontevedra;" SPAIN,,,Spain,,""42.59588481194007, -8.67340294336795"",""https://www.google.com/maps/search/?api=1&query=41.54677789313768,2.183327709228211"",dairy,""dairy, processed cheese"",,2026/04 Lasenor";;
148,LSN,Cocoripop (fr),,https://cocoripop.com/,,Cocoripop; Zone Artisanale de la Sapinière;18220; Brécy;" FRANCE,,,France,FR-0503,""47.11704904531065, 2.616939162774938"",""https://www.google.com/maps/search/?api=1&query=28.102551135300917,-15.435541883724515"",""confectionary, xoco"",dolç,,2026/04 Lasenor";;;
149,LSN,Comaner (ma),,http://www.comaner.com,,Comaner Distribution; 119 Avenue de L´Armée Royale; Casablanca;" MOROCCO,Comaner Distribution (Ingrédients agro-alimentaires),,Morocco,,""33.59712683214769, -7.6087911216976645"",""https://www.google.com/maps/search/?api=1&query=43.99131441227849,1.3331509536359256"",partner,,,2026/04 Lasenor";;;;
150,LSN,Complet (fr),,www.complet.fr,,Rue nationale Puits Simon III;57600; Forbach;" FRANCE,,,France,FR-0903,""49.19033078367863, 6.910550393342175"",""https://www.google.com/maps/search/?api=1&query=50.27862551401392,2.829714281958715"",""bakery, confectionary, xoco"",""premixes, fourrages"",,""2026/03 Lasenor";;;;
" Complet (fr) / Komplet (fr)""";;;;;;;
151,LSN,Comptoir du Cacao (fr),,https://comptoircacao.fr/fr/,,Comptoir du Cacao; L'Anche;45210; Bazoches-sur-le-Betz;" FRANCE,,,France,FR-0803,""48.15098821851669, 3.058940799897716"",""https://www.google.com/maps/search/?api=1&query=48.99171880115733,2.336813764249197"",salses,""dolç, xoco"",,2026/04 Lasenor";;;
152,LSN,Condat Lubrifiants (fr),,http://www.condat.fr/,,Condat; 104 Av. Frédéric Mistral;38670; Chasse-sur-Rhône;" FRANCE,,,France,FR-0602,""45.58085524233577, 4.794244461107545"",""https://www.google.com/maps/search/?api=1&query=39.53874227853866,-0.5454754516817812"",chemical,,,2026/04 Lasenor";;;
"153,LSN,Condiko (dz),,http://www.condiko.com,,""ilot de prop, Ouled Moussa";" ALGERIA"",,,Algeria,,""36.69149489922905, 3.3791352332731637"",""https://www.google.com/maps/search/?api=1&query=38.867367138917196,0.15370310163498233"",""xoco, beverage, frozen desserts"",,,2026/04 Lasenor";;;;;;
154,LSN,Confiserie Adam (fr),,https://www.confiserie-adam.fr/,,Confiserie Adam; 42 Rue de la Gare;68420; Herrlisheim-près-Colmar;" FRANCE,,,France,FR-0901,""48.016907086766864, 7.322412064556757"",""https://www.google.com/maps/search/?api=1&query=37.22027224309718,-3.7006277216314465"",""confectionary, xoco"",""dolç, xoco"",,2026/04 Lasenor";;;
155,LSN,Confiserie Despinoy (fr),,https://www.betises-cambrai-despinoy.fr/,,Confiserie Despinoy; 1519 Rte nationale;59400; Fontaine-Notre-Dame;" FRANCE,""Bêtises de Cambrai, Betises de Cambrai"",,France,FR-1002,""50.16621261149202, 3.1570804502745426"",""https://www.google.com/maps/search/?api=1&query=45.46304617889717,4.8298698757731655"",confectionary,dolç,,2026/04 Lasenor";;;
156,LSN,Confiserie du Nord - Neuville-en-Ferrain (fr),,https://confiseriedunord.com/,,Confiserie du Nord; 94 Rue de Reckem;59960; Neuville-en-Ferrain;" FRANCE,Verquin Confiseur,Sucralliance (grp),France,FR-1002,""50.755286592297495, 3.1581959070170926"",""https://www.google.com/maps/search/?api=1&query=45.90025517364395,6.161590687321061"",confectionary,dolç,""Croibleu, Tradition 1912, Têtes Brulées, Ti’Nounours, Souris Caramel, Bool"",2026/04 Lasenor";;;
"157,LSN,Confiserie du Nord - Tourcoing (fr),,https://confiseriedunord.com/,,""Confiserie du Nord";" 50 Rue de l'Epideme, 59200 Tourcoing, FRANCE"",Verquin Confiseur,Sucralliance (grp),France,FR-1002,""50.71390397159887, 3.169855545886372"",""https://www.google.com/maps/search/?api=1&query=49.085309443619586,2.7513869759423626"",confectionary,dolç,""Croibleu, Tradition 1912, Têtes Brulées, Ti’Nounours, Souris Caramel, Bool"",2026/04 Lasenor";;;;;;
158,LSN,Confiserie du Roy René (fr),,https://www.calisson.com/fr/,,Le Roy René Confiserie Aix-en-Provence; 5380 Rte d'Avignon;13540; Aix-en-Provence;" FRANCE,Confiserie du Roy Rene (fr),,France,FR-0301,""43.591134087542216, 5.404179685341061"",""https://www.google.com/maps/search/?api=1&query=39.512536165588735,-0.4702442328885596"",""confectionary, bakery, xoco"",""biscuit / coca, dolç, xoco"",,2026/04 Lasenor";;;
159,LSN,Confiserie Médicis (fr),,https://www.medicis.fr/,,Confiserie Medicis; 14 Av. Godefroy Cavaignac;94104; Saint-Maur-des-Fossés;" FRANCE,Confiserie Medicis (fr),,France,FR-0802,""48.80851204801462, 2.475268450459076"",""https://www.google.com/maps/search/?api=1&query=39.49749788157978,-0.35090279350086323"",""confectionary, xoco"",dolç,,2026/04 Lasenor";;;
160,LSN,Confiserie Triki Le Moulin (tn),,https://www.confiserietriki.com/,,Route de Gabès km3;3052; Sfax;" TUNISIE,,,Tunisia,,""34.71832184356315, 10.731359685276253"",""https://www.google.com/maps/search/?api=1&query=43.54528910681921,5.3677122703407925"",confectionary,,,2026/04 Lasenor";;;;
161,LSN,Confiseur Léonard Parli (fr),,https://www.leonard-parli.com/,,Calissons d'Aix Léonard Parli; 95 Rue Famille Laurens;13290; Aix-en-Provence;" FRANCE,Confiseur Leonard Parli (fr),,France,FR-0301,""43.48137554309861, 5.386471595452241"",""https://www.google.com/maps/search/?api=1&query=47.4191282406686,-2.0434556048967005"",""confectionary, bakery"",""biscuit / coca, dolç, crema"",,2026/04 Lasenor";;;
"162,LSN,Cosami (es),,https://cosamiweb.com/,,""Carretera N-232, KM 61";26550; Rincón de Soto; La Rioja;" SPAIN"",,,Spain,,""42.22915983652382, -1.852063810629856"",""https://www.google.com/maps/search/?api=1&query=48.881848671540396,2.1639078516400563"",food,,,2026/04 Lasenor";;;
163,LSN,CPK Production France - Issy (fr),,https://carambarco.com/,,Carambar & Co; 9-15 Rue Maurice Mallet;92130; Issy-les-Moulineaux;" FRANCE,,Carambar & co (grp),France,FR-0801,""48.82984390865514, 2.2661712794120565"",""https://www.google.com/maps/search/?api=1&query=48.77556643635594,2.0067725390875326"",confectionary,,,2026/04 Lasenor";;;
164,LSN,CPK Production France - St. Genest (fr),,https://carambarco.com/,,CPK Production Carambar & Co;86140; Saint-Genest-d'Ambière;" FRANCE,,Carambar & co (grp),France,FR-0701,""46.93007799556452, 0.37494140229774225"",""https://www.google.com/maps/search/?api=1&query=43.92595484444407,4.8803174758184085"",confectionary,,,2026/04 Lasenor";;;;
165,LSN,CPK Production France - Vichy (fr),,https://carambarco.com/,,CPK Production Carambar & Co; 94 All. des Ailes; 03200; Vichy;" FRANCE,,Carambar & co (grp),France,FR-0503,""46.15947326028915, 3.414786693666315"",""https://www.google.com/maps/search/?api=1&query=48.41702728001315,-4.5269601795464505"",confectionary,,,2026/04 Lasenor";;;
166,LSN,CPK Production France (fr),,https://carambarco.com/,,CPK Production Carambar & Co;86140; Saint-Genest-d'Ambière;" FRANCE,,Carambar & co (grp),France,FR-0701,""46.93007799556452, 0.37494140229774225"",""https://www.google.com/maps/search/?api=1&query=44.16407879031198,0.6019231126666128"",confectionary,,,2026/04 Lasenor";;;;
167,LSN,CPK Production Strasbourg (fr),,https://carambarco.com/,,CPK Carambar & Co; 12 Rte de la Fédération;67100; Strasbourg;" FRANCE,,Carambar & co (grp),France,FR-0901,""48.56340384689709, 7.749713805636263"",""https://www.google.com/maps/search/?api=1&query=44.03554990008879,5.03461957887191"",""confectionary, xoco"",,,2026/04 Lasenor";;;
168,LSN,CSM France (fr),,https://csmingredients.com/france/fr_fr/accueil.html,,18 Rue de la Robertsau;67800; Bischheim;" FRANCE,CSM Ingredients (fr),,France,FR-0901,""48.6133710897844, 7.758797125587988"",""https://www.google.com/maps/search/?api=1&query=44.297055880569026,4.946909707947184"",""bakery, xoco"",,,2026/04 Lasenor";;;;
169,LSN,CSM GIAS (tn),,www.csmgias.com.tn,,ZI Bouargoub; Bou Argoub;8040;" TUNISIA,,GIAS (tn),Tunisia,,""36.523496467350725, 10.560833812496758"",""https://www.google.com/maps/search/?api=1&query=50.7848446344166,3.139631096886386"",""bakery, frozen desserts, dairy"",,,""2025/12 Lasenor";;;;
"visita 13/05/26""";;;;;;;
"170,LSN,CTCPA (fr),,www.ctcpa.org,,""site Agroparc, 449 Av. Clément Ader";84911; Avignon;" FRANCE"",,,France,FR-0301,""43.90799516502734, 4.896401518054706"",""https://www.google.com/maps/search/?api=1&query=45.7716556697867,-0.5762825168424341"",""enginy / SVCs, confectionary"",,,2026/04 Lasenor";;;;
"171,LSN,Darégal (fr),,https://www.daregal.fr/,,""Darégal"; 6, boulevard Joffre;91490; Milly-la-Forêt;" FRANCE"",Daregal (fr),,France,FR-0803,""48.42185207652933, 2.466898138878827"",""https://www.google.com/maps/search/?api=1&query=43.467716276113855,6.736469900073201"",additives,ingredients FOOD,,2026/04 Lasenor";;;
"172,LSN,Daunat Bourgogne (fr),,https://www.daunat.com/qui-sommes-nous/notre-entreprise,,""Z.I. des, Les Fossés Blanches, 71323, FRANCE"",,""norac foods (grp), Daunat (grp)"",France,FR-0603,""46.7313904471789, 4.83462164402759"",""https://www.google.com/maps/search/?api=1&query=43.96695514946873,5.14074665374811"",food,,,2026/04 Lasenor";;;;;;;
"173,LSN,Daunat Bretagne (fr),,https://www.daunat.com/qui-sommes-nous/notre-entreprise,,""ZI de Bellevue, 22200 Saint-Agathon, FRANCE"",,""norac foods (grp), Daunat (grp)"",France,FR-0702,""48.55365595324535, -3.119875205224016"",""https://www.google.com/maps/search/?api=1&query=47.36178978875829,-1.9426681988953434"",food,,,2026/04 Lasenor";;;;;;;
174,LSN,Daunat Nord (fr),,https://www.daunat.com/qui-sommes-nous/notre-entreprise,,Daunat Nord; 620 Bd de l'Europe;62118; Monchy-le-Preux;" FRANCE,,""norac foods (grp), Daunat (grp)"",France,FR-1002,""50.271552373727104, 2.8673537324997507"",""https://www.google.com/maps/search/?api=1&query=50.671392445423656,1.6668087898962685"",food,,,2026/04 Lasenor";;;
"175,LSN,Daunat Picardie (fr),,https://www.daunat.com/qui-sommes-nous/notre-entreprise,,""Daunat Picardie"; Zone du Champ du Roy Chambry, 3 Rue Emile Zola; 02930; Laon;" FRANCE"",,""norac foods (grp), Daunat (grp)"",France,FR-1003,""49.582886912237875, 3.6562586287878"",""https://www.google.com/maps/search/?api=1&query=43.28775561627294,5.611999685041148"",food,,,2026/04 Lasenor";;;
176,LSN,Dawn Foods (fr),,https://www.dawnfoods.com/fr,,Dawn Foods; 456 Rue du Moulin;59193; Erquinghem-Lys;" FRANCE,,Dawn Foods (grp),France,FR-1002,""50.670814533998325, 2.836168725982742"",""https://www.google.com/maps/search/?api=1&query=46.45413009934322,3.3663892655385936"",bakery,,,2026/04 Lasenor";;;
177,LSN,de Sangosse (fr),,https://www.desangosse.fr/,,Lieu dit Bonnel;47480; Pont-du-Casse;" FRANCE,,,France,FR-0202,""44.220567490557805, 0.6557666008203429"",""https://www.google.com/maps/search/?api=1&query=44.814162791108025,-0.6229901780313561"",agro,biosolutions en agriculture,,2026/05 Lasenor";;;;
"178,LSN,Délice (tn),,https://www.delice.tn/,,""Joumana center, Av. Mohamed 5"; La Goulette;" TUNISIA"",,,Tunisia,,""36.837866505638544, 10.298387589238667"",""https://www.google.com/maps/search/?api=1&query=48.9220081301807,2.320434575750821"",""dairy, beverage, chemical"",""llet, crem cheese"",,2026/04 Lasenor";;;;;
"179,LSN,Deliz Food Processing (ma),,http://delizfood.ma/,,""N°448, Oulad Slama, Zona Industrial Ibn Khaldoun, Aïn Atiq"; Temara;" MOROCCO"",,,Morocco,,""33.8919470785737, -6.97082428872349"",""https://www.google.com/maps/search/?api=1&query=43.20734078273919,2.31875947931271"",xoco,xoco spreadable (Nutella),""Patelia, Nutabella, Aleva, La Mella, PLMA";;;;;
,2026/06 Lasenor;;;;;;;
visita 01/07/26, difícil accès per obres, al costat via del tren;;;;;;;
"noia de compres, noi jove propietari inversor""";;;;;;;
180,LSN,Des Lis Chocolat (fr),,https://www.deslischocolat.com/,,Des Lis Chocolat (fr); ZI du Rocher Vert; 6 rue Louis Bleriot;77140; Nemours;" FRANCE,,,France,FR-0803,""48.25906740184851, 2.719147553910179"",""https://www.google.com/maps/search/?api=1&query=44.01206829909346,4.4187296311506445"",""salses, bakery"",""dolç, biscuit / coca"",,2026/04 Lasenor";;
"181,LSN,Disproquima (es),,https://disproquima.com/,,""Disproquima"; Carrer la Terra, 42; 08227; Terrassa; Barcelona;" SPAIN"",,Disproquima (grp),Spain,,""41.54522380177154, 2.045612842905252"",""https://www.google.com/maps/search/?api=1&query=42.14013708995324,2.5220452299892817"",""partner, food, feed, nutra / pharma, chemical"",,,2026/04 Lasenor";;
182,LSN,Disproquima (fr),,https://disproquima.com/,,Ziegler France; 3 Boulevard Jean Monnet;77380; Combs-la-Ville;" FRANCE,,Disproquima (grp),France,FR-0802,""48.651893472999944, 2.5550645891205424"",""https://www.google.com/maps/search/?api=1&query=47.70331616784967,-2.751351671973673"",""partner, food, feed, nutra / pharma, chemical"",,,2026/04 Lasenor";;;
"183,LSN,Disproquima (ma),,https://disproquima.com/,,""Lot Azhari, rue 36"; Oulfa;20202; Casablanca;20100;" MOROCCO"",,Disproquima (grp),Morocco,,""33.53342220150254, -7.583383080493702"",""https://www.google.com/maps/search/?api=1&query=43.641971638763664,5.282220985899523"",""partner, food, feed, nutra / pharma, chemical"",,,2025/06 Lasenor";;
184,LSN,Dolis (fr),,https://sucralliance.com/dolis/,,Dolis; Av. de Genève;89600; Saint-Florentin;" FRANCE,,Sucralliance (grp),France,FR-0803,""47.99812290364436, 3.738862637787698"",""https://www.google.com/maps/search/?api=1&query=47.89169899067953,-2.882847369316286"",confectionary,dolç,,2026/04 Lasenor";;;
"185,LSN,Dr. Oetker GIAS (tn),,https://www.oetker.fr/,,""Rue des Sciences, Lots 67 et 68, Zone Industrielle Grombalia";8030;" TUNISIA"",,GIAS (tn),Tunisia,,""36.60645928221944, 10.49059858973391"",""https://www.google.com/maps/search/?api=1&query=36.73245932575416,-6.08738529061864"",bakery,,Dr. Oetker,""2025/12 Lasenor";;;;;
"visita 13/05/26""";;;;;;;
186,LSN,Dragées Reynaud (fr),,https://www.dragees-reynaud.com/fr/,,Dragées Reynaud; 161 Rte des Camoins;13011; Marseille;" FRANCE,,,France,FR-0301,""43.30045282923552, 5.502523659039531"",""https://www.google.com/maps/search/?api=1&query=38.52195629665959,-0.49190316812237517"",""confectionary, xoco"",dolç,,2026/04 Lasenor";;;
187,LSN,Drome Saveur - Glaces de Provence (fr),,https://www.glaces-provence.com/,,Glaces de Provence; 400 Chemin des Chevres;26780; Malataverne;" FRANCE,,,France,FR-0601,""44.47091770874569, 4.74824661933085"",""https://www.google.com/maps/search/?api=1&query=47.48922449916411,-3.1236804270257887"",frozen desserts,,,2026/04 Lasenor";;;
188,LSN,Dupont d'Isigny (fr),,http://www.dupontdisigny.com/,,Dupont d’Isigny; CL 99 ROUTE AMERICAINE;50500; CARENTAN;" FRANCE,,Sucralliance (grp),France,FR-0703,""49.305212752908, -1.2619248810538262"",""https://www.google.com/maps/search/?api=1&query=47.843052174257124,-1.2337053687620538"",confectionary,dolç,,2026/04 Lasenor";;;
189,LSN,eKope (fr),,http://www.ekope.com/,,167 Av. du Maréchal Lyautey; 06000; Nice;" FRANCE,,,France,FR-0303,""43.721736625121956, 7.286436793610298"",""https://www.google.com/maps/search/?api=1&query=45.60264447522882,5.2278738501141335"",enginy / SVCs,,,2026/04 Lasenor";;;;
190,LSN,El Baraka Ingredients (tn),,https://www.elbarakaingredients.com.tn/,,Rue Jandouba ZI Mghira 3 Lot N°48; Fouchana;2082; Ben Arous;" TUNISIA,,,Tunisia,,""36.7166559514546, 10.168520157708794"",""https://www.google.com/maps/search/?api=1&query=46.99023434681939,-0.9321901870566742"",""ingredients, chemical"",""ingredients funcionals FOOD, ingredients PHARMA, ingredients CHEMICAL"",,2026/01 Lasenor";;;
191,LSN,Elle et Vire (fr),,https://www.elle-et-vire.com/fr/,,R&D Route de Giéville;50890; Condé-sur-Vire;" FRANCE,""Elvir (fr), Elle & Vire Manufacturing Unit (fr)"",,France,FR-0703,""49.04984704665592, -1.0386014222361166"",""https://www.google.com/maps/search/?api=1&query=45.04313754498705,5.083134825024042"",dairy,,,2026/04 Lasenor";;;;
192,LSN,Elogen (fr),,http://www.elogenh2.com,,8 Av. du Parana;91940; Les Ulis;" FRANCE,,,France,FR-0803,""48.680303901414426, 2.2003773097774753"",""https://www.google.com/maps/search/?api=1&query=48.87170239472297,2.306174720918491"",equipment,,,2026/04 Lasenor";;;;
193,LSN,Emile Groupe (fr),,www.emilegroupe.fr,,Chemin des Oliviers;30130; Pont-Saint-Esprit;" FRANCE,,,France,FR-0303,""44.24969197076441, 4.6409524236031405"",""https://www.google.com/maps/search/?api=1&query=47.91104063074373,-1.388521731212254"",additives,olis,""Emile Noël, emma noël"",2026/04 Lasenor";;;;
194,LSN,EntreMont (fr),,,,25 Fbg des Balmettes;74000; Annecy;" FRANCE,,,France,FR-0602',""45.89406568057341, 6.123701689175776"",""https://www.google.com/maps/search/?api=1&query=40.646285539184824,-3.5110355169909435"",dairy,,,2026/04 Lasenor";;;;
195,LSN,Enzo & Lily (fr),,https://www.enzoetlily.com/,,Enzo & Lily; 2 Rue Auguste Maquet;75016; Paris;" FRANCE,,,France,FR-0801,""48.84038745244823, 2.2679350637323075"",""https://www.google.com/maps/search/?api=1&query=41.59896365004647,2.268058502235219"",frozen desserts,ice-cream,,2026/04 Lasenor";;;
196,LSN,Erhard Pâtissier Glacier (fr),,https://www.erhard-desserts.com/,,Erhard Pâtissier Glacier; 7 rue du Stade;68290; Masevaux;" FRANCE,Erhard Patissier Glacier (fr),,France,FR-0901,""47.77562333448516, 6.990582979695961"",""https://www.google.com/maps/search/?api=1&query=50.10795544516304,1.8665347536930508"",""frozen desserts, bakery, dairy"",,,2026/04 Lasenor";;;
197,LSN,Éric Élien (fr),,https://www.eric-elien.bzh/,,Éric Élien; 1 Rue de la Hazaie;22950; Trégueux;" FRANCE,""Breizh Artisan Glacier (fr), Eric Elien (fr)"",,France,FR-0702,""48.48817301899543, -2.7179870850992462"",""https://www.google.com/maps/search/?api=1&query=49.34033248265995,3.551311447992354"",frozen desserts,ice-cream,,2026/04 Lasenor";;;
198,LSN,ESC Laboratoire (fr),,https://www.esclaboratoire.com,,45 Rte de Chaluzy;58000; Saint-Éloi;" FRANCE,,,France,FR-0503,""46.997416368974456, 3.19638615794516"",""https://www.google.com/maps/search/?api=1&query=47.88261713010108,2.1306549177569223"",feed,,,2026/04 Lasenor";;;;
199,LSN,Établissement Abdelmoula (tn),,https://etsabdelmoula.com/,,124 Rue 4267 - Den Den; Tunis;2011;" TUNISIA,,,Tunisia,,""36.79612182739133, 10.101152177847025"",""https://www.google.com/maps/search/?api=1&query=47.65440581519753,2.735425803402392"",oils,olis,,""2026/04 Lasenor";;;;
"Établissement Abdelmoula (tn) / Etablissement Abdelmoula (tn)""";;;;;;;
"200,LSN,Ethiquable (fr),,https://www.ethiquable.coop/,,""23, AVENUE ROBERT CASTAING";32500; FLEURANCE;" FRANCE"",,,France,FR-0202,""43.86483634128686, 0.6547578792268941"",""https://www.google.com/maps/search/?api=1&query=48.54067659641127,-4.490319207218442"",""confectionary, xoco, beverage"",,,2026/04 Lasenor";;;;
201,LSN,Eureden (fr),,http://www.pep.fr/,,PEP Pierrefitte;56800; Ploermel;" FRANCE,""PEP Pierrefitte - Camagnon (fr), Cocotine (fr)"",,France,FR-0702,""47.91678490095905, -2.380238566149729"",""https://www.google.com/maps/search/?api=1&query=48.453534047288485,-2.5050508401671374"",food,,,2026/04 Lasenor";;;;
202,LSN,Eurenco (fr),,https://eurenco.com/,,Bv. Charles Garaud;24100; Bergerac;" FRANCE,,,France,FR-0203,""44.84543503195236, 0.5108855259851308"",""https://www.google.com/maps/search/?api=1&query=46.34059203772542,2.6013691913366106"",chemical,,,2026/04 Lasenor";;;;
203,LSN,Eurial Ingrédients & Nutrition (fr),,www.eurial-ingredients.com,,75 Rue Sophie Germain;44300; Nantes;" FRANCE,,Agrial (grp),France,FR-0701,""47.28617772238228, -1.5202838614671532"",""https://www.google.com/maps/search/?api=1&query=43.677651846303114,4.121158159333303"",dairy,,,2026/04 Lasenor";;;;
204,LSN,Eurial Ultra Frais (fr),,http://eurial.eu/,,Eurial; 30 Rue des Jacquins;89150; Jouy;" FRANCE,,Agrial (grp),France,FR-0803,""48.16838206453956, 2.984374636711207"",""https://www.google.com/maps/search/?api=1&query=48.77920580128001,-3.0469080939204853"",dairy,,,2026/04 Lasenor";;;
205,LSN,Eurl Sfaf World (fr),,,,149 avenue du Maine 75014 Paris;75014; PARIS;" FRANCE,,,France,FR-0801,""48.83371357554342, 2.325528962764706"",""https://www.google.com/maps/search/?api=1&query=47.878394176483894,-2.824976234153157"",additives,,,2026/04 Lasenor";;;;
"206,LSN,Eurogerm (fr),,https://www.eurogerm.com/,,""2 Rue Chp Doré, 21850 Saint-Apollinaire, FRANCE"",,,France,FR-0603,""47.338807961585644, 5.104606558977871"",""https://www.google.com/maps/search/?api=1&query=48.305506731423236,-1.530582661328202"",bakery,,,2026/04 Lasenor";;;;;;;
207,LSN,Eurogranizados (es),,https://www.facebook.com/Eurogranizados/?locale=es_ES,,Eurogranizados;30833; Murcia;" SPAIN,,Grup Alacant (grp),Spain,,""37.93042428399871, -1.1932474112780076"",""https://www.google.com/maps/search/?api=1&query=49.27172007121121,1.8742224667930565"",frozen desserts,ice-cream,,2026/04 Lasenor";;;;
"208,LSN,Europe Snacks (fr),,https://www.europesnacks.com/,,""Frandex";" Zoning Industriel St Denis Les Lucs, 85170 Saint-Denis-la-Chevasse, FRANCE"",Frandex - Atlantic Snacks (fr),,France,FR-0701,""46.83932758735893, -1.4213286354413524"",""https://www.google.com/maps/search/?api=1&query=47.51171508162077,4.529733200457293"",salses,,,2026/04 Lasenor";;;;;;
209,LSN,Excelo (ma),,https://excelo.ma/,,Lot 121 Zone Industrtielle Sahel; Soualem;" MOROCCO,,Anouar Invest,Morocco,,""33.421527086053445, -7.838645617564764"",""https://www.google.com/maps/search/?api=1&query=48.1202496597763,-1.1886315971054697"",""bakery, xoco"",biscuits,,""2026/06 Lasenor";;;;;
"contacte David Yañez""";;;;;;;
210,LSN,Fabster (fr),,https://www.fabster.fr/,,Fabster; 5 Rue des Moissons;91670; Angerville;" FRANCE,Tradebe (cat),,France,FR-0803,""48.315016783193435, 2.009193052706078"",""https://www.google.com/maps/search/?api=1&query=49.125106110579374,-0.3844702963805941"",additives,,,2026/04 Lasenor";;;
"211,LSN,Farga (cat),,https://www.lamenorquina.com/,,""La Menorquina"; Carrer Mar Mediterrània, 23; 08130; Santa Perpètua de Mogoda;" SPAIN"",""La Farga (cat), La Menorquina (es), Kalise (es), Lacrem (es), Farggi"",Grup Farga (grp),Spain,,""41.54677789313768, 2.183327709228211"",""https://www.google.com/maps/search/?api=1&query=46.00800305906023,4.7818898776755345"",frozen desserts,,,2026/04 Lasenor";;;
"212,LSN,Faure (fr),,https://www.whaou.com/,,""15 ZI de Keriel, 29800 Plouédern, FRANCE"",Whaou!,Goûters Magiques (grp),France,FR-0702,""48.48732109578771, -4.275004723866757"",""https://www.google.com/maps/search/?api=1&query=43.862593452862775,1.88100126438238"",bakery,""crêpe / pancake, biscuit / coca"",Whaou!,2026/04 Lasenor";;;;;;;
"213,LSN,Ferretti Gelato (cat),,https://ferrettigelato.com/,,""Ferretti Gelato"; Carrer Lleó, 8;17600; Figueres; Girona;" SPAIN"",,,Spain,,""42.26831238480839, 2.9799055502207623"",""https://www.google.com/maps/search/?api=1&query=49.34015738865016,-0.5863782190765291"",frozen desserts,,,2026/04 Lasenor";;
"214,LSN,Finetti (ma),,,,""2 Boulevard De Sfax, Ex Ben Aissa Ejarouani, Zone Industriel, Bd Sfax"; Casablanca;20100;" MOROCCO"",,,Morocco,,""33.62407644582921, -7.509804535572881"",""https://www.google.com/maps/search/?api=1&query=47.35283053990826,2.1815304344739737"",confectionary,caramels,,""2026/06 Lasenor";;;;
"contacte David Yañez""";;;;;;;
215,LSN,Fizzy Distribution (fr),,https://www.fizzy.fr/fr/,,Fizzy; 1 Pl. des Champs de Colut;59230; Sars-et-Rosières;" FRANCE,,,France,FR-1003,""50.44948773083017, 3.3388352870642177"",""https://www.google.com/maps/search/?api=1&query=48.683058661126445,2.197522134597083"",confectionary,dolç,,2026/04 Lasenor";;;
"216,LSN,Flechard Laiterie du Pont Morin (fr),,https://www.flechard.com/,,""Laiterie du Pont Morin - ZI, 61140 Rives d'Andaine, FRANCE"",,,France,FR-0703,""48.53609866244373, -0.48090550068432236"",""https://www.google.com/maps/search/?api=1&query=48.10007781427613,-4.026591185064565"",dairy,,,2026/04 Lasenor";;;;;;;
217,LSN,Fleurs de Chocolats (fr),,https://www.fleursdechocolats.fr/,,Fleurs de Chocolats (fr); 21 rue des Tanneurs;68100; Mulhouse;" FRANCE,,,France,FR-0901,""47.747317398006416, 7.336284103753153"",""https://www.google.com/maps/search/?api=1&query=50.76670246826088,3.0099241111291892"",""bakery, confectionary"",xoco,,2026/04 Lasenor";;;
"218,LSN,Food Rebels (es),,https://thefoodrebels.es/,,""Food Rebels"; Gabriel Campillo Contreras, 2; Polígono Industrial La Serreta;30500; Molina de Segura; Murcia;" SPAIN"",,,Spain,,""38.07974230360467, -1.2252248658545928"",""https://www.google.com/maps/search/?api=1&query=48.81982646838494,2.6446818786822295"",food,,,2026/04 Lasenor";
219,LSN,Forchy Pâtissier (fr),,https://forchy.com/,,Forchy; 57 Rue des Champs;76190; Yvetot;" FRANCE,Forchy Patissier (fr),,France,FR-1003,""49.62479868041269, 0.747153631200062"",""https://www.google.com/maps/search/?api=1&query=47.936815682265284,0.17185591906542508"",bakery,biscuit / coca,,2026/04 Lasenor";;;
"220,LSN,Fortune Maroc (ma),,https://fortune-maroc.com/,,""km 18, route 109, ZI Bouskoura";27182; Casablanca;" MOROCCO"",,,Morocco,,""33.44401757942933, -7.646394236049601"",""https://www.google.com/maps/search/?api=1&query=48.72258472171952,2.2680508220079414"",""xoco, confectionary, frozen desserts"",""snacks dolços, golosines congelades (flash)"",""GoodDays, Appy's, Mr. Frost, Ralf"",""2026/06 Lasenor";;;;
"visita 30/06/26""";;;;;;;
221,LSN,François Doucet Confiseur (fr),,https://www.francois-doucet.com/,,François Doucet Confiseur; 04700; Oraison - Alpes de Haute Provence;" FRANCE,Francois Doucet Confiseur (fr),,France,FR-0303,""43.91086933214165, 5.908285600948307"",""https://www.google.com/maps/search/?api=1&query=50.716758816257176,3.1283783088711514"",confectionary,dolç,,2026/04 Lasenor";;;;
222,LSN,FRIAL (fr),,http://www.frial.com,,6 Rte de Caen;14400; Bayeux;" FRANCE,,,France,FR-0703,""49.26831703994456, -0.6777565223392131"",""https://www.google.com/maps/search/?api=1&query=44.05677924715167,1.1044800617755715"",""food, BIO"",,,2022/05 aranow";;;;
223,LSN,Frigexquis (fr),,https://www.frigexquis.fr/,,Frigexquis; 3 All. Gustave Eiffel;34770; Gigean;" FRANCE,,,France,FR-0302,""43.4878748843995, 3.706090375525735"",""https://www.google.com/maps/search/?api=1&query=44.28975115012493,5.901147567301718"",frozen desserts,ice-cream,,2026/04 Lasenor";;;
224,LSN,From Up (fr),,https://fromup.fr/,,A.B. Technologies Alimentaires; ZA de Kervendras;56250; Sulniac;" FRANCE,""A.B. Technologies Alimentaires (fr), AB Technologies Alimentaires (fr), AiF Ingredients (fr)"",,France,FR-0702,""47.666673307770644, -2.567983821555314"",""https://www.google.com/maps/search/?api=1&query=43.12240928072771,-2.047463265776279"",dairy,processed cheese,,2026/04 Lasenor";;;
225,LSN,Fromagerie de L'Ermitage (fr),,http://www.ermitage.com/,,Fromagerie de L'Ermitage; Rue de la Division Leclerc 718;88140; Bulgneville;" FRANCE,,,France,FR-0903,""48.203481196839604, 5.821100976445046"",""https://www.google.com/maps/search/?api=1&query=48.76685125214797,1.9739215636405916"",dairy,,,2026/04 Lasenor";;;
"226,LSN,Fromagerie Inovalim (dz),,,,""rue du 11 Décembre, 1960"; Ouled Chebel;16118; Alger;" ALGERIA"",,,Algeria,,""36.5915602012804, 2.9892338956005693"",""https://www.google.com/maps/search/?api=1&query=48.101443690872884,7.368141268164781"",dairy,processed cheese,,2026/06 Lasenor";;;
227,LSN,Fromageries Arnaud (fr),,https://www.juraflore.com/,,Fromageries Arnaud; Avenue de la Gare 6;39800; Poligny;" FRANCE,""JuraFlore (fr), Fort des Rousses"",,France,FR-0603,""46.843368889985555, 5.704915674445992"",""https://www.google.com/maps/search/?api=1&query=47.28522738439481,-1.5436569788491576"",dairy,,,2026/04 Lasenor";;;
228,LSN,Fromages Bach (fr),,https://fromagesbach.com/,,Fromages Bach; Rue des Prés Liats 9; 03800; Gannat;" FRANCE,Fromages de Capucine (fr),,France,FR-0503,""46.10516902962227, 3.1481027750046175"",""https://www.google.com/maps/search/?api=1&query=46.86080988569517,-1.4602618586257792"",dairy,,,2026/04 Lasenor";;;
229,LSN,Fromital Bouskoura (ma),,https://fromital.com/,,Parc industriel Louhmi Bouskoura; Casablanca;" MOROCCO,,Fromital (ma),Morocco,,""33.43785341029963, -7.6400338592179"",""https://www.google.com/maps/search/?api=1&query=43.277110674349665,5.38306608022994"",dairy,cheese,,""2025/06 Lasenor";;;;;
"contacte David Yañez""";;;;;;;
"230,LSN,Froneri (es),,https://www.froneri.com/,,""Froneri"; Polígono Industrial de Intxerdui Kalea, 5; 01250; Araia; Álava;" SPAIN"",,Froneri (grp),Spain,,""42.870753921248834, -2.319463627907073"",""https://www.google.com/maps/search/?api=1&query=47.71980910995822,7.391306549333722"",frozen desserts,,,2026/04 Lasenor";;
"231,LSN,Froneri France - Dangé-Saint-Romain (fr),,https://www.froneri.com/,,""Froneri France"; Les Varennes du Moulin À V, 86220; Dangé-Saint-Romain;" FRANCE"",Froneri (fr),Froneri (grp),France,FR-0701,""46.93755427590461, 0.6264546522642531"",""https://www.google.com/maps/search/?api=1&query=44.04088052762711,1.3637615334825393"",frozen desserts,,,2026/04 Lasenor";;;;
232,LSN,Froneri France - Vayres (fr),,https://www.froneri.com/,,Froneri France; 4 Route de Bsn;33870; Vayres;" FRANCE,""Froneri (fr), ex-R&R ice creams"",Froneri (grp),France,FR-0203,""44.907251640086216, -0.3355016994075802"",""https://www.google.com/maps/search/?api=1&query=48.55997183055112,-1.4937622454561164"",frozen desserts,,,2026/04 Lasenor";;;
233,LSN,Froneri Plouedern (fr),,https://www.froneri.com/,,Froneri France Plouedern; 276 Rue de la Laiterie;29800; Plouédern;" FRANCE,Froneri (fr),Froneri (grp),France,FR-0702,""48.48163557856197, -4.243154118461916"",""https://www.google.com/maps/search/?api=1&query=46.86146385405964,-1.0035790108817646"",frozen desserts,,,2026/04 Lasenor";;;
"234,LSN,Gaillard Pâtissier (fr),,https://www.gouters-magiques.com/,,""route de Kerpièche, 56500 Locminé, FRANCE"",Gaillard Patissier (fr),Goûters Magiques (grp),France,FR-0702,""47.879679712580106, -2.8427616835216782"",""https://www.google.com/maps/search/?api=1&query=39.230175156461165,-0.5061298984293211"",bakery,,,2026/04 Lasenor";;;;;;;
235,LSN,Gastro Mixte (ma),direction@GastroMixte.com,https://www.gastromixte.com/,,km 7 Ouled Berjal; Kénitra;14000;" MOROCCO,,,Morocco,,""34.32509126701594, -6.559908742289868"",""https://www.google.com/maps/search/?api=1&query=49.48213396832877,1.7285352635675177"",dairy,cream cheese,,""2025/06 Lasenor";;;;
"contacte David Yañez""";;;;;;;
"236,LSN,Gelateria Carles (cat),,http://www.gelateriacarles.com/ca/,,""Gelateria Carles"; Av. Santa Maria, 20; 08860; Castelldefels; Barcelona;" SPAIN"",,,Spain,,""41.28012295945639, 1.978814202974997"",""https://www.google.com/maps/search/?api=1&query=48.94964470590162,1.7015686364678038"",frozen desserts,ice-cream,,2026/04 Lasenor";;
"237,LSN,Gelati Dino (cat),,https://gelatidino.com/,,""Gelati Dino"; Sector Aeroclub, 9;17487; Empuriabrava; Girona;" SPAIN"",Empuria Gel,,Spain,,""42.26077223131751, 3.1050175622495217"",""https://www.google.com/maps/search/?api=1&query=48.774644804964915,1.4146565220625849"",frozen desserts,ice-cream,,2026/04 Lasenor";;
"238,LSN,Gelats Alemany (cat),,https://gelatsalemany.com/,,""Alemany"; Francesc Sanllehí i Bosch, 1; 08380; Malgrat de Mar; Barcelona;" SPAIN"",,,Spain,,""41.65536899683127, 2.7440347034471997"",""https://www.google.com/maps/search/?api=1&query=47.32067932405149,5.0374896274517695"",frozen desserts,ice-cream,Gelats de Territori,2026/04 Lasenor";;
"239,LSN,Gelats Angelo (cat),,https://www.gelatsangelo.com/,,""Gelats Angelo"; Polígono Industrial Depal, Nau10;17140; Ullà; Girona;" SPAIN"",,,Spain,,""42.04909360409591, 3.115832112145046"",""https://www.google.com/maps/search/?api=1&query=49.05695585693382,2.0369100357322187"",frozen desserts,ice-cream,,2026/04 Lasenor";;
"240,LSN,Gelats Glas (cat),,https://www.gelatsglas.cat/,,""Gelats Glas"; Partida Mariola, 76;25192; Lleida;" SPAIN"",J. Casañe,,Spain,,""41.61168020773166, 0.5976027048076237"",""https://www.google.com/maps/search/?api=1&query=49.70057076638229,0.965520293961853"",frozen desserts,""ice-cream, postre"",,2026/04 Lasenor";;;
"241,LSN,GEMEF Industries (fr),,https://www.gemefindustries.com/,,""120 rue Henri Bessemer, CS 60364, 13799 Aix-En-Provence, FRANCE"",,,France,FR-0301,""43.49075528543187, 5.382219123526889"",""https://www.google.com/maps/search/?api=1&query=44.52425964314872,4.742355012552534"",""bakery, food"",,,2026/04 Lasenor";;;;;;;
242,LSN,General Mills (fr),,https://www.generalmills.fr/,,225 Rue du Vieux Pont de Sèvres;92100; Boulogne-Billancourt;" FRANCE,,General Mills (grp),France,FR-0802,""48.884075584155745, 2.2299014560150274"",""https://www.google.com/maps/search/?api=1&query=45.24198158837559,4.665287316556671"",frozen desserts,,,2026/04 Lasenor";;;;
243,LSN,Geveko Markings (fr),,https://www.geveko-markings.fr/,,ZAC DU BON PUITS BP 50123;49481; ST SYLVAIN D'ANJOU CEDEX;" FRANCE,,,France,FR-0701,""47.494279278675265, -0.49622500714282897"",""https://www.google.com/maps/search/?api=1&query=43.63933884358136,1.4290434698223793"",chemical,,,2026/04 Lasenor";;;;
244,LSN,GFCO (tn),,https://www.gfco.com.tn/,,GFCO; 28 Rue des Entrepreneurs; Tunis;" TUNISIA,Grande Fabrique de Confiserie Orientale (tn),,Tunisia,,""36.85762128933711, 10.206499184563958"",""https://www.google.com/maps/search/?api=1&query=46.8606679415017,-1.0310696773162902"",confectionary,halva,""La Gazelle, Délice, PIPO, Speed, Speedent, Lotus, Sun, Gourmandise, Badidoo"",2025/02 Lasenor";;;;
245,LSN,Gipa (tn),,http://www.gipa-web.com,,Fondouk Djedid;" TUNISIA,,Poulina Group Holding,Tunisia,,""36.708172247156085, 10.3810178952009"",""https://www.google.com/maps/search/?api=1&query=45.990937741734506,-1.0866433121441645"",""frozen desserts, dairy"",""gelats, sorbets, iogurs, llet, sucs"",,2026/06 Lasenor";;;;;;
246,LSN,Glaces de l'Ardèche (fr),,https://www.glacesdelardeche.com/,,109 Route de Vals; 07200; Ucel;" FRANCE,Glaces de l'Ardeche (fr),,France,FR-0601,""44.65020390736683, 4.377830528944432"",""https://www.google.com/maps/search/?api=1&query=46.52497165466149,-1.0648326619113637"",frozen desserts,,,2026/04 Lasenor";;;;
"247,LSN,Glaces des Alpes (fr),,https://www.glacesdesalpes.com/,,""Glaces des Alpes"; PAE la caille, 191 Avenue des Marais;74350; Allonzier-la-Caille;" FRANCE"",,,France,FR-0602,""45.99526060634505, 6.1235229480305575"",""https://www.google.com/maps/search/?api=1&query=48.28504034637037,-3.5445110145104315"",frozen desserts,,,2026/04 Lasenor";;;
248,LSN,Glaces Raví (fr),,https://glaces-ravi.com/,,Glaces Raví; Place Henri Barthélémy;84160; Lourmarin;" FRANCE,""Glaces Raví (fr), Glaces Ravi (fr)"",,France,FR-0301,""43.76584692550645, 5.362818121896532"",""https://www.google.com/maps/search/?api=1&query=47.640067012525215,-1.655171402547073"",frozen desserts,,,2026/04 Lasenor";;;
249,LSN,go nuts (fr),,https://gonuts.fr/,,Go Nuts; 1 Rue Marcel Dassault;69740; Genas;" FRANCE,,,France,FR-0602,""45.72755797792946, 4.983751234811259"",""https://www.google.com/maps/search/?api=1&query=48.028891818993365,-3.82326579226756"",frozen desserts,""crema, ice-cream"",,2026/04 Lasenor";;;
"250,LSN,Gold Cheese Morocco (ma),,https://goldcheesemorocco.com/,,""Zone Industrielle Dar Bouazza Lot N 14, route Moulay Thami"; Casablanca;21000;" MOROCCO"",,,Morocco,,""33.49339963819857, -7.807027897793485"",""https://www.google.com/maps/search/?api=1&query=48.16062351936153,-2.7475527587528137"",dairy,cream cheese,,""2026/06 Lasenor";;;;
"contacte David Yañez""";;;;;;;
"251,LSN,Goulibeur (fr),,https://www.goulibeur.com/,,""Goulibeur"; 10, rue Victor Grignard Pôle République;86000; Poitiers;" FRANCE"",,,France,FR-0701,""46.614284569076105, 0.3383104018151567"",""https://www.google.com/maps/search/?api=1&query=45.62735581084161,-0.5370984472141449"",bakery,biscuit / coca,,2026/04 Lasenor";;;
252,LSN,Gourmance (fr),,https://www.gourmance.com/,,Gourmance; Avenue Foch 18;57730; Folschviller;" FRANCE,Episens (fr),,France,FR-0903,""49.07165117271733, 6.687783705173229"",""https://www.google.com/maps/search/?api=1&query=48.10190343947667,-3.3359163799299765"",bakery,""bakery, biscuit / coca"",,2026/04 Lasenor";;;
253,LSN,Gouters Magiques (fr),,https://www.gouters-magiques.com/,,Gouters Magiques ; ZI de Kerpièche;56500; LOCMINE;" FRANCE,,Goûters Magiques (grp),France,FR-0702,""47.88370824999324, -2.838505878076465"",""https://www.google.com/maps/search/?api=1&query=50.6719200181124,2.8320826977123907"",bakery,,,2026/04 Lasenor";;;
254,LSN,Grain de Sail (fr),,https://graindesail.com/fr/,,4 route du bas de la rivière;29600; Morlaix;" FRANCE,,,France,FR-0702,""48.58859301101413, -3.8377488701231317"",""https://www.google.com/maps/search/?api=1&query=47.534142712098195,-2.3237868630944147"",xoco,,,2026/04 Lasenor";;;;
"255,LSN,Granabio (fr),,https://interbionouvelleaquitaine.com/members/granabio/,,""Granabio, Gaussens, 47520 Le Passage, FRANCE"",,,France,FR-0202,""44.16397202796289, 0.6025680798177053"",""https://www.google.com/maps/search/?api=1&query=44.93421498425627,1.8607806747662212"",dairy,,,2026/04 Lasenor";;;;;;;
256,LSN,Grands Moulins de Paris (fr),,http://www.grandsmoulinsdeparis.com/,,Grands Moulins de Paris; 99 Rue Mirabeau;94200; Ivry-sur-Seine;" FRANCE,CT - NTX (Nutrixo-Grands Moulins de Paris) (fr),,France,FR-0801,""48.820382139862986, 2.377338562714192"",""https://www.google.com/maps/search/?api=1&query=43.28284549950951,5.528811928132214"",bakery,,,2025/05 Lasenor";;;
257,LSN,Groupe Michaud (fr),,,,11 Rue Gabriel Péri;69270; Couzon-au-Mont-d'Or;" FRANCE,,,France,FR-0602,""45.85249648352593, 4.834379706434687"",""https://www.google.com/maps/search/?api=1&query=50.79083246515369,3.1421684070745295"",enginy / SVCs,fan producció a 3ers,,2026/04 Lasenor";;;;
258,LSN,Grup Alacant (grp),,https://grupoalacant.com/,,Helados Alacant; 03690; Sant Vicent del Raspeig; Alacant;" SPAIN,,Grup Alacant (grp),Spain,,""38.382889470519814, -0.5042855476990217"",""https://www.google.com/maps/search/?api=1&query=50.78867969613924,3.1424072203438693"",frozen desserts,ice-cream,,2026/04 Lasenor";;;
"259,LSN,Grup Farga (grp),,https://www.lamenorquina.com/,,""La Menorquina"; Carrer Mar Mediterrània, 23; 08130; Santa Perpètua de Mogoda;" SPAIN"",""La Farga (cat), La Menorquina (es), Kalise (es), Lacrem (es), Farggi"",Grup Farga (grp),Spain,,""41.54677789313768, 2.183327709228211"",""https://www.google.com/maps/search/?api=1&query=44.962449505373726,1.8556012406191398"",frozen desserts,,,2026/04 Lasenor";;;
"260,LSN,Grupo Kalise (es),,https://www.kalise.com/,,""Kalise"; C. Luis Correa Medina, 11;35013; Las Palmas de Gran Canaria; Las Palmas;" SPAIN"",""La Farga (cat), La Menorquina (es), Kalise (es), Lacrem (es), Farggi"",Grup Farga (grp),Spain,,""28.102551135300917, -15.435541883724515"",""https://www.google.com/maps/search/?api=1&query=47.977302879688494,-4.096597019028634"",frozen desserts,,,2026/04 Lasenor";;
261,LSN,Guisabel - Candé (fr),,https://www.guisabel.fr/,,Chocolaterie Guisabel; Route de Loiré;49440; Candé;" FRANCE,,Saveurs Délices (grp),France,FR-0701,""47.56763184782862, -1.025230198979637"",""https://www.google.com/maps/search/?api=1&query=48.101181091064134,-4.025012000509911"",xoco,""dolç, xoco, crema"",Guisabel,2026/04 Lasenor";;;
262,LSN,Guyaux - Andilly (fr),,https://www.chocolatsguyaux.fr/fr/,,1 Av. des Cures;95580; Andilly;" FRANCE,,Saveurs Délices (grp),France,FR-0802,""48.99702177770496, 2.2985219783314754"",""https://www.google.com/maps/search/?api=1&query=47.67998675075599,-0.5604009466490155"",salses,dolç,Guyaux,2026/04 Lasenor";;;;
263,LSN,Guymare (fr),,,,Guymare; 939 Av. de l'Europe;82000; Montalban;" FRANCE,,,France,FR-0202,""43.99131441227849, 1.3331509536359256"",""https://www.google.com/maps/search/?api=1&query=48.090731618136886,-1.675253016998432"",frozen desserts,ice-cream,,2026/04 Lasenor";;;
"264,LSN,Gyma (fr),,http://www.gyma.eu,,""90 Espace d'Activités Sainte Anne";84700;" Sorgues, FRANCE"",,,France,FR-0301,""43.989473623449925, 4.890139997392111"",""https://www.google.com/maps/search/?api=1&query=50.01156164859505,2.005494648419636"",salses,mayos,,2026/04 Lasenor";;;;;
265,LSN,Häagen-Dazs Arras (fr),,https://www.haagen-dazs.fr/,,Häagen-Dazs; 155 Rte de Cambrai;62217; Tilloy-lès-Mofflaines;" FRANCE,Haagen-Dazs Arras (fr),General Mills (grp),France,FR-1002,""50.27862551401392, 2.829714281958715"",""https://www.google.com/maps/search/?api=1&query=44.69095145023941,4.796915234563689"",frozen desserts,ice-cream,Häagen-Dazs,2026/04 Lasenor";;;
"266,LSN,Hami Form (fr),,http://www.hamiform.com,,""Lieu dit, Le Closeau";56800; Ploërmel;" FRANCE"",,,France,FR-0702,""47.89988903348629, -2.4155536773281012"",""https://www.google.com/maps/search/?api=1&query=47.10769685944439,-2.0848888675666624"",feed,,,2026/04 Lasenor";;;;
267,LSN,HBI (fr),,https://www.hbint.com/,,HBI; 26 Bis Rue de l'Ermitage;95160; Montmorency;" FRANCE,,,France,FR-0802,""48.99171880115733, 2.336813764249197"",""https://www.google.com/maps/search/?api=1&query=45.65633572687118,5.909514228195029"",additives,,,2026/04 Lasenor";;;
268,LSN,Helados Alacant (es),,https://grupoalacant.com/,,Helados Alacant; 03690; Sant Vicent del Raspeig; Alacant;" SPAIN,,Grup Alacant (grp),Spain,,""38.382889470519814, -0.5042855476990217"",""https://www.google.com/maps/search/?api=1&query=41.99246040494215,2.7991366434539517"",frozen desserts,ice-cream,,2026/04 Lasenor";;;
269,LSN,Helados Casty (es),,https://www.casty.com/,,Pol. Ind. Talavera la Nueva II;45694; Talavera de la Reina; Toledo;" SPAIN,,,Spain,,""39.931223440268134, -4.888764165611534"",""https://www.google.com/maps/search/?api=1&query=39.767283854611655,2.7140692281914562"",frozen desserts,,,2026/04 Lasenor";;;
"270,LSN,Helados Dovian (es),,https://heladosdovian.espaciosweb.net/,,""La Jijonenca"; Plaça del Convent, 3; 03100; Xixona; Alacant;" SPAIN"",,La Jijonenca (grp),Spain,,""38.542905777333445, -0.5060782827312863"",""https://www.google.com/maps/search/?api=1&query=44.460624299172316,6.034760398491178"",frozen desserts,ice-cream,,2026/04 Lasenor";;
"271,LSN,Helados Estiu (es),,https://helados-estiu.com/,,""Helados Estiu"; Carrer Sèquia del Quint, 110;46190; Riba-roja de Túria; Valencia;" SPAIN"",,,Spain,,""39.53874227853866, -0.5454754516817812"",""https://www.google.com/maps/search/?api=1&query=47.42772297654992,1.4362227522784674"",frozen desserts,,,2026/04 Lasenor";;
"272,LSN,Helados Gelart (es),,https://www.postresgelart.com/,,""Helados Gelart"; Partida Madrigueres Nord, 34; 03749; Dénia; Alicante;" SPAIN"",,,Spain,,""38.867367138917196, 0.15370310163498233"",""https://www.google.com/maps/search/?api=1&query=47.42772297654992,1.4362227522784674"",frozen desserts,ice-cream,,2026/04 Lasenor";;
"273,LSN,Helados Granada (es),,https://www.heladosgranada.com/,,""Helados Granada"; Calle Raja Santa, 33;18230; Atarfe; Granada;" SPAIN"",,,Spain,,""37.22027224309718, -3.7006277216314465"",""https://www.google.com/maps/search/?api=1&query=43.78466159498347,2.056608539332121"",frozen desserts,ice-cream,,2026/04 Lasenor";;
"274,LSN,Helados Nordwik (es),,,,""Helados Nordwik"; Ctra. de Alhama, 56;18194; Churriana de la Vega; Granada;" SPAIN"",,,Spain,,""37.142150907362485, -3.637301650564905"",""https://www.google.com/maps/search/?api=1&query=47.82815844891163,-0.31142252689886674"",frozen desserts,ice-cream,,""2026/04 Lasenor";;
"Helados Nordwik (es) / Penalva Alimentación (es)""";;;;;;;
"275,LSN,Helados Royne (es),,https://royne.es/,,""Helados Royne"; C. Severo Ochoa, 7;28914; Leganés; Madrid;" SPAIN"",,Grup Alacant (grp),Spain,,""40.32273174134795, -3.753583670695936"",""https://www.google.com/maps/search/?api=1&query=49.21496725093667,-0.35285449533399876"",frozen desserts,ice-cream,,2026/04 Lasenor";;
"276,LSN,Helados Somosierra (es),,https://somosierra.eu/,,""Helados Somosierra"; Av. de Valdelaparra, 3;28108; Alcobendas; Madrid;" SPAIN"",,Grup Alacant (grp),Spain,,""40.538049789253485, -3.6433194373555495"",""https://www.google.com/maps/search/?api=1&query=45.89449801375382,6.231906336559319"",frozen desserts,ice-cream,,2026/04 Lasenor";;
277,LSN,Henkel Beauty Care (tn),,http://www.henkel.com,,Rte Boumehel Basatine 2; Bou Mhel el-Bassatine;" TUNISIA,,,Tunisia,,""36.72245395354516, 10.295647129244319"",""https://www.google.com/maps/search/?api=1&query=50.77088710529404,1.6353914210673934"",chemical,,,2026/06 Lasenor";;;;;
278,LSN,Histoires De Glaces (fr),,https://www.glace-hdg.com/,,HDG; 629 Chem. de l'Aérodrome;38121; Reventin-Vaugris;" FRANCE,HDG (fr),,France,FR-0602,""45.46304617889717, 4.8298698757731655"",""https://www.google.com/maps/search/?api=1&query=40.348443136993794,-3.802322497543223"",frozen desserts,ice-cream,,2026/04 Lasenor";;;
279,LSN,Hivernattus (fr),,https://glacier-hivernattus.eatbu.com/?lang=fr,,Hivernattus; 39 Av. de Chavoires;74940; Annecy;" FRANCE,,,France,FR-0602,""45.90025517364395, 6.161590687321061"",""https://www.google.com/maps/search/?api=1&query=44.12017557653485,4.249994790851614"",frozen desserts,ice-cream,,2026/04 Lasenor";;;
280,LSN,HLR (fr),,https://www.hlr-praline.com/,,High Level Research; Rue de Mareuil;60330; Lagny-le-Sec;" FRANCE,HLR Praliné (fr),Mireolian (grp),France,FR-0802,""49.085309443619586, 2.7513869759423626"",""https://www.google.com/maps/search/?api=1&query=50.642780568714976,2.6751256444029736"",confectionary,,,2026/04 Lasenor";;;
"281,LSN,Hochland Española (cat),,http://www.hochland.es/,,""C. de la Llobatona, 7"; 08840; Viladecans; Barcelona;" SPAIN"",Hochland (cat),,Spain,,""41.309861727301154, 2.02365469183893"",""https://www.google.com/maps/search/?api=1&query=46.354259644421056,4.90362180049068"",dairy,,,2026/04 Lasenor";;;
"282,LSN,Horchata Mercader (es),,http://www.horchatamercader.com/,,""Horchata Mercader"; Calle Cartagena, 7;46988; Paterna; Valencia;" SPAIN"",,,Spain,,""39.512536165588735, -0.4702442328885596"",""https://www.google.com/maps/search/?api=1&query=48.503555395276194,7.262018341717542"",""frozen desserts, dairy"",""dairy, ice-cream"",,2026/04 Lasenor";;
"283,LSN,Horchata Panach - Alboraya (es),,https://horchatapanach.com/,,""Horchata Panach - Alboraya"; Av. de l'Orxata, 19;46120; Alboraia; Valencia;" SPAIN"",,,Spain,,""39.49749788157978, -0.35090279350086323"",""https://www.google.com/maps/search/?api=1&query=43.208153699880526,5.599331656186729"",dairy,dairy,,2026/04 Lasenor";;
284,LSN,HSB - Les Huileries du Souss Belhassan (ma),,https://www.hsbmaroc.com/,,rue Al Milaha Anza; Agadir;80000;" MOROCCO,,,Morocco,,""30.447945660134586, -9.654481450992826"",""https://www.google.com/maps/search/?api=1&query=47.3607038470226,-1.0064441426771722"",""dairy, oils, xoco"",margarines,,""2026/06 Lasenor";;;;
"contacte David Yañez""";;;;;;;
"285,LSN,Huilerie Morisset (fr),,https://huilerie-morisset.fr/,,""Huilerie Morisset, 16700 Poursac, FRANCE"",,,France,FR-0401,""46.064486284142134, 0.305722312861648"",""https://www.google.com/maps/search/?api=1&query=44.36958705107315,2.595360571462126"",""additives, oils"",,,2026/04 Lasenor";;;;;;;
286,LSN,i’Pinguini (fr),,https://www.ipinguini.fr/,,i’Pinguini; 2390 Rte des Milles;13510; Éguilles;" FRANCE,,,France,FR-0301,""43.54528910681921, 5.3677122703407925"",""https://www.google.com/maps/search/?api=1&query=50.71361047692103,3.1317282476547668"",frozen desserts,ice-cream,,2026/04 Lasenor";;;
287,LSN,Ice-Cream Factory Co-maker (es),,https://www.icfc.es/,,Calle de la antigua Avidesa 1;46600; Alzira; Valencia;" SPAIN,""ICFC (es), Grupo Albe (es), Avidesa"",,Spain,,""39.1436787833508, -0.4261220517571971"",""https://www.google.com/maps/search/?api=1&query=48.10704254118244,-1.1706691870325625"",frozen desserts,ice-cream,,2026/04 Lasenor";;;
288,LSN,Idena Production (fr),,https://www.idena.fr/es/,,12 rue Gustave Eiffel;44160; Pontchateau;" FRANCE,,,France,FR-0702,""47.4191282406686, -2.0434556048967005"",""https://www.google.com/maps/search/?api=1&query=49.226014511872236,4.102338729937612"",feed,,,2026/04 Lasenor";;;;
"289,LSN,Idilia Foods (es),,https://www.idilia.es/,,""Carrer de Lepant, 410, Horta-Guinardó"; 08025; Barcelona;" SPAIN"",,,Spain,,""41.41472309689798, 2.16906055791915"",""https://www.google.com/maps/search/?api=1&query=45.90129780991557,6.102399396519415"",""xoco, instant, beverage"",""ColaCao, Nocilla"",""ColaCao, Nocilla, Paladin, Shaken Udder"",2026/04 Lasenor";;;;
"290,LSN,Imandis (ma),,,,""79, Zone Industrielle de Mediouna"; Casablanca-Settat; Casablanca;" MOROCCO"",,,Morocco,,""33.44770246143399, -7.5165785328705"",""https://www.google.com/maps/search/?api=1&query=47.717400893599084,-2.5789435572402435"",bakery,""biscuits, gaufrettes"",,""2025/06 Lasenor";;;;
"contacte David Yañez""";;;;;;;
"291,LSN,IMCD Maroc (ma),,https://www.imcd.ma/,,""lot 67, ZI Sud Ouest"; Mohammedia;20800;" MOROCCO"",,,Morocco,,""33.66417293683301, -7.409768930781122"",""https://www.google.com/maps/search/?api=1&query=47.86846018924701,-3.076088762506918"",partner,chemical,,""2026/06 Lasenor";;;;
"contacte David Yañez""";;;;;;;
"292,LSN,Indusalim (ma),,,,""6, rue Al Mortada"; Casablanca;" MOROCC"",,,Morocco,,""32.988535481669416, -7.620316120130799"",""https://www.google.com/maps/search/?api=1&query=41.348674917105164,2.100429426226855"",food,couscous,,""2026/06 Lasenor";;;;;
contacte David Yañez;;;;;;;
"possiblement OBSOLET""";;;;;;;
293,LSN,Ingredia (fr),,https://www.ingredia.com/,,Ingredia; 51 Avenue Fernand Lobbedez; Arras;62000;" FRANCE,,,France,FR-1002,""50.28255033570125, 2.7807067778530925"",""https://www.google.com/maps/search/?api=1&query=46.66534207870917,1.2892711730455968"",""dairy, ingredients"",,,""2026/05 Lasenor";;;
"Cooperativa láctea francesa. Desarrolla y fabrica polvos lácteos, proteínas de leche nativas, ingredientes bioactivos lácteos para industria.""";;;;;;;
294,LSN,Ingredience (fr),,https://ingredience-food.com/,,Ingredience; 30 Bd Bellerive;92500; Rueil-Malmaison;" FRANCE,,,France,FR-0801,""48.881848671540396, 2.1639078516400563"",""https://www.google.com/maps/search/?api=1&query=46.31464445992524,-0.5006353860275194"",additives,,,2026/04 Lasenor";;;
295,LSN,Ingredis Tunisie (tn),,www.ingredis.tn,,Ingredis; Av. Mohamed Ali; Radès;2040; Tunis;" TUNISIA,,,Tunisia,,""36.77554289831297, 10.271589252969697"",""https://www.google.com/maps/search/?api=1&query=47.24877308413928,-1.7017685734308605"",partner,,,2026/04 Lasenor";;
296,LSN,Ingredium Food Technoologies (ma),contact@ingredium.ma,https://ingredium.ma/,,Sidi Maarouf; Casablanca;" MOROCCO,,,Morocco,,""33.59571075117321, -7.596160600210302"",""https://www.google.com/maps/search/?api=1&query=49.50381841916869,4.388905663189757"",partner,,,""2026/06 Lasenor";;;;;
"contacte David Yañez""";;;;;;;
"297,LSN,Innov-ia (fr),,https://www.innov-ia.com/,,""Innov-ia"; ZI Agrocéan Chef de Baie, 4 rue Samuel Champlain;17000; La Rochelle;" FRANCE"",,,France,FR-0203,""46.14961326901906, -1.2055229184888592"",""https://www.google.com/maps/search/?api=1&query=44.817336670286046,4.597589217325736"",enginy / SVCs,,,""2026/05 Lasenor";;;
Centro tecnológico de innovación en alimentación animal y humana. Servicios de I+D, microencapsulación, spray-drying y desarrollo.;;;;;;;
"Innov'ia (fr) / Innov-ia (fr)""";;;;;;;
298,LSN,Interval (fr),,https://intervalexport.com/fr/,,Interval; Avenue Gabriel Péri 33;78190; Trappes;" FRANCE,Interval International de Ventes Alimentaires (fr),,France,FR-0803,""48.77556643635594, 2.0067725390875326"",""https://www.google.com/maps/search/?api=1&query=47.409604354385166,0.7615328527504543"",dairy,,,2026/04 Lasenor";;;
299,LSN,Inveja Food (fr),,www.invejafood.com,,Inveja Food; 95 Route de la Louée;44115; Haute-Goulaine;" FRANCE,,,France,FR-0701,""47.1833870134763, -1.4250138814068858"",""https://www.google.com/maps/search/?api=1&query=48.140872244998654,-1.6684177618953426"",""ingredients, BIO"",,,2026/04 Lasenor";;;
300,LSN,Irati International (fr),,https://irati.com/,,Irati International; 24 rue Ginox;75015; Paris;" FRANCE,,,France,FR-0801,""48.84784903789067, 2.286960877749767"",""https://www.google.com/maps/search/?api=1&query=48.6135575207431,-2.0683666398914116"",nutra / pharma,,,2026/05 Lasenor";;;
301,LSN,Isara (fr),,https://isara.fr/,,ISARA-ISEMA; 105 rue Pierre Bayle;84918; Avignon;" FRANCE,,,France,FR-0302,""43.92595484444407, 4.8803174758184085"",""https://www.google.com/maps/search/?api=1&query=47.22922969825402,-1.6400776547846017"",bakery,,,2026/04 Lasenor";;;
302,LSN,JAB Company (dz),,www.jabcompany.dz,,Ain Benian ZI;16018; Alger;" ALGERIA,,,Algeria,,""36.80020458666844, 2.947270241271066"",""https://www.google.com/maps/search/?api=1&query=46.66764620466297,-1.3172698146910709"",partner,,,2026/04 Lasenor";;;;
303,LSN,Jampi Glacier (fr),,https://www.jampiglacier.com/,,Jampi Glacier; Hameaux de Kerguillo;29820; Bohars;" FRANCE,,,France,FR-0702,""48.41702728001315, -4.5269601795464505"",""https://www.google.com/maps/search/?api=1&query=49.38976546087907,2.7939465435517277"",frozen desserts,,,2026/04 Lasenor";;;
304,LSN,Jay-Joy (fr),,https://www.jay-joy.com/,,400 rue des Longues Raies;60610; Lacroix Saint Ouen;" FRANCE,,,France,FR-0803,""49.35420968289565, 2.771383175778077"",""https://www.google.com/maps/search/?api=1&query=47.78069892615835,-3.4149327994749465"",dairy,cheese,,2026/04 Lasenor";;;;
305,LSN,Jil Food (fr),,,,Pap's et Moi; Allée de la Ténarèze;47520; Le Passage;" FRANCE,,,France,FR-0202,""44.16407879031198, 0.6019231126666128"",""https://www.google.com/maps/search/?api=1&query=47.213020929738825,5.356606205718815"",""bakery, food"",,,2026/04 Lasenor";;;
"306,LSN,JLRG (fr),,https://www.kilibio.com/,,""JLRG"; ZA Bellecour 3, 621 All. Bellecour;84200; Carpentras;" FRANCE"",""Jean-Louis & Renée Ginart, Kilimandjabio, Kilibio, Natur'Amie, Relais Vert"",,France,FR-0301,""44.03554990008879, 5.03461957887191"",""https://www.google.com/maps/search/?api=1&query=42.26831238480839,2.9799055502207623"",""food, frozen desserts"",ice-cream,Kilibio,2026/04 Lasenor";;;
"307,LSN,Jules Brochenin (fr),,www.brochenin.com,,""Jules Brochenin"; ZI Le Grand Deves, Route de Nyons;26790; Tulette;" FRANCE"",,,France,FR-0302,""44.297055880569026, 4.946909707947184"",""https://www.google.com/maps/search/?api=1&query=48.643690031768664,2.841916808678775"",additives,,,2026/04 Lasenor";;;
"308,LSN,Kalise (es),,,,""C. Luis Correa Medina, 11";35013; Las Palmas de Gran Canaria; Las Palmas;" SPAIN"",,,Spain,,""28.102522055423975, -15.43635716894568"",""https://www.google.com/maps/search/?api=1&query=48.86153063941876,2.370315478668024"",frozen desserts,ice-cream,,2026/04 Lasenor";;;
"309,LSN,Kalyotis (fr),,https://kalyotis.fr/,,""Kalyotis"; 4, Rue Joseph Cugnot;34430; Saint-Jean-de-Védas;" FRANCE"",,,France,FR-0302,""43.57708018054864, 3.8430792859257146"",""https://www.google.com/maps/search/?api=1&query=49.305639549008305,-1.3621755809017593"",nutra / pharma,,,2026/04 Lasenor";;;
310,LSN,Kap-Sud (fr),,http://www.kap-sud.com,,3 Rue la Carrère;64230; Bougarber;" FRANCE,,,France,FR-0103,""43.39832012185471, -0.47252182886037547"",""https://www.google.com/maps/search/?api=1&query=46.86080988569517,-1.4602618586257792"",partner,partner per estudis de PJTs,,2026/04 Lasenor";;;;
311,LSN,Kerr France (fr),,http://www.kerrfrance.com/,,Kerr France; 2 Rue Auguste Blanqui;59250; Halluin;" FRANCE,,,France,FR-1002,""50.7848446344166, 3.139631096886386"",""https://www.google.com/maps/search/?api=1&query=48.164911019358044,3.2768202071037145"",""dairy, feed"",,,2026/04 Lasenor";;;
312,LSN,Klaus (fr),,https://www.klaus.com/,,Klaus; 3 rue Victor Hugo;25500; Morteau;" FRANCE,Klaus Chocolatier Confiseur (fr),,France,FR-0603,""47.05528271088897, 6.611988161045664"",""https://www.google.com/maps/search/?api=1&query=43.51926744149631,0.894362279205083"",""confectionary, xoco, beverage"",""xoco, dolç, crema, biscuit / coca"",,2026/04 Lasenor";;;
"313,LSN,L’Angélys (fr),,https://www.langelys.com/fr/,,""L’Angélys"; Zone Artisanale La Sauzaie, 8 Route des Varennes;17100; Fontcouverte;" FRANCE"",L’Angelys (fr),,France,FR-0203,""45.7716556697867, -0.5762825168424341"",""https://www.google.com/maps/search/?api=1&query=36.77031679990227,10.228526681500309"",frozen desserts,ice-cream,,2026/04 Lasenor";;;
314,LSN,L'Appétissante (tn),,www.iffco.com,,Route Mateur Km 12;2021; Oued Ellil;" TUNISIA,""L'Appetissante (tn), Chocotom (tn)"",IFFCO (tn),Tunisia,,""36.83378382976528, 10.032012001501077"",""https://www.google.com/maps/search/?api=1&query=49.70578708136404,2.7731713624622474"",""bakery, confectionary, frozen desserts, dairy, xoco, cosmetic, salses"",""salses, crema cosmètica, snacks xoco (KitKat), ice-cream, cookies, premix bakery, mantega cuinar, crema caramel"",""TOM, Fern, ICEE, London Dairy, Noor, Savannah, Break, Quanta, Igloo, Tiffany, Al Baker, Just Chill, Pristine, Rahma, Al Khazna, Khaleej"",2026/04 Lasenor";;;;
"315,LSN,L’Odyssée des Glaces (fr),,https://www.odyssee-glaces.com/,,""L’Odyssée des Glaces"; 322 Avenue Louis Lépine, 83600; Fréjus;" FRANCE"",""L’Odyssee des Glaces (fr), L’Odysée des Glaces (fr)"",,France,FR-0303,""43.467716276113855, 6.736469900073201"",""https://www.google.com/maps/search/?api=1&query=43.44044800286127,5.241511619753704"",frozen desserts,ice-cream,,2026/04 Lasenor";;;;
316,LSN,La Bergerie de Saint Gens (fr),,https://www.provenceguide.com/producteurs/mont-ventoux/bergerie-de-saint-gens/provence-6447616-1.html,,La Bergerie de Saint Gens; 271 Chemin de la carrière;84210; Le Beaucet;" FRANCE,,,France,FR-0301,""43.96695514946873, 5.14074665374811"",""https://www.google.com/maps/search/?api=1&query=43.379142903162276,5.22015771952489"",""frozen desserts, dairy"",ice-cream,,2026/04 Lasenor";;;
317,LSN,La Biscuiterie Handi-Gaspi (fr),,https://kignon.fr/,,La Biscuiterie Handi-Gaspi; 2 bis Rue Léon Blum;44260; Savenay;" FRANCE,Kignon (fr),,France,FR-0702,""47.36178978875829, -1.9426681988953434"",""https://www.google.com/maps/search/?api=1&query=48.38638979759117,6.2913775460482295"",bakery,biscuit / coca,,2026/04 Lasenor";;;
318,LSN,La Charlotte (fr),,https://lacharlotte.com/fr/,,La Charlotte; 2 Bd de l'Europe;62360; Hesdin-l'Abbé;" FRANCE,,,France,FR-1001,""50.671392445423656, 1.6668087898962685"",""https://www.google.com/maps/search/?api=1&query=36.83378382976528,10.032012001501077"",""bakery, xoco, frozen desserts"",,,2026/04 Lasenor";;;
"319,LSN,La Cigale Dorée (fr),,http://www.lacigaledoree.com/,,""La Cigale Dorée 475 Av. du Garlaban, 13420 Gémenos, FRANCE"",La Cigale Doree (fr),Biscuits Bouvard (grp),France,FR-0301,""43.28775561627294, 5.611999685041148"",""https://www.google.com/maps/search/?api=1&query=46.187693849243665,5.300748978330353"",""bakery, xoco"",,,2026/04 Lasenor";;;;;;;
"320,LSN,La Compagnie du Biscuit - Bessay (fr),,http://www.biscuits-bouvard.com/,,""46 Rte de Moulins, 03340 Bessay-sur-Allier, FRANCE"",""Délos (fr), Delos (fr)"",Biscuits Bouvard (grp),France,FR-0503,""46.45413009934322, 3.3663892655385936"",""https://www.google.com/maps/search/?api=1&query=46.552208705716076,3.7047718831255856"",""bakery, xoco"",,,2026/04 Lasenor";;;;;;;
321,LSN,La Compagnies des Desserts (fr),,https://www.compagniedesdesserts.com/,,La Compagnie des Desserts; Rue des Romains 4;11200; Lezignan Corbieres;" FRANCE,Pole Sud (fr),,France,FR-0201,""43.18632383523306, 2.75284300276433"",""https://www.google.com/maps/search/?api=1&query=47.79759186821015,7.198661116576682"",""bakery, frozen desserts"",,,2026/03 Lasenor";;;
322,LSN,La Fabrique Cookies (fr),,https://lafabrique-cookies.fr/,,La Fabrique Cookies; 22 Boulevard Louise Michel;92230; Gennevilliers;" FRANCE,""L'Atelier Gennevilliers (fr), Les P’tits Amoureux (fr)"",,France,FR-0802,""48.9220081301807, 2.320434575750821"",""https://www.google.com/maps/search/?api=1&query=46.93007799556452,0.37494140229774225"",bakery,biscuit / coca,,2026/04 Lasenor";;;
323,LSN,La Fabrique du Sud (fr),,https://www.labelleaude.fr/,,La Fabrique du Sud; 75 Rue Edouard Branly;11000; Carcassonne;" FRANCE,La Belle Aude (fr),,France,FR-0201,""43.20734078273919, 2.31875947931271"",""https://www.google.com/maps/search/?api=1&query=36.859106474965266,10.207045333854749"",frozen desserts,ice-cream,,2026/04 Lasenor";;;
324,LSN,La Fabrique Givrée (fr),,https://www.lafabriquegivree.com/,,La Fabrique Givrée; 116 Pl. aux Herbes;30700; Uzès;" FRANCE,La Fabrique Givree (fr),,France,FR-0302,""44.01206829909346, 4.4187296311506445"",""https://www.google.com/maps/search/?api=1&query=34.71832184356315,10.731359685276253"",frozen desserts,ice-cream,,2026/04 Lasenor";;;
"325,LSN,La Fageda (cat),,https://www.fageda.com/,,""La Fageda"; Mas Els Casals, s/n;17811; Santa Pau; Girona;" SPAIN"",,,Spain,,""42.14013708995324, 2.5220452299892817"",""https://www.google.com/maps/search/?api=1&query=36.85762128933711,10.206499184563958"",""dairy, frozen desserts"",""dairy, líquid, ice-cream"",,2026/04 Lasenor";;
326,LSN,La Ferme de Botloré (fr),,https://www.lafermedebotlore.fr/,,La Ferme de Botloré; Botloré;56890; Saint-Avé;" FRANCE,""La Ferme de Botlore (fr), Les Glaces de la Ferme"",,France,FR-0702,""47.70331616784967, -2.751351671973673"",""https://www.google.com/maps/search/?api=1&query=45.47213443681997,4.4301949014975115"",frozen desserts,ice-cream,,2026/04 Lasenor";;;
327,LSN,La Ferme de Cabrières (fr),,https://xn--la-ferme-de-cabrires-51b.fr/,,La Ferme de Cabrières; 480 Chem. de Cabrières;13410; Lambesc;" FRANCE,La Ferme de Cabrieres (fr),,France,FR-0301,""43.641971638763664, 5.282220985899523"",""https://www.google.com/maps/search/?api=1&query=48.70384727299084,6.259133577546352"",frozen desserts,""líquid, ice-cream"",,2026/04 Lasenor";;;
328,LSN,La Fruitière de Colpo (fr),,https://lafruitieredecolpo.bzh/,,La Fruitière de Colpo; Keranna;56500; Plumelin;" FRANCE,La Fruitiere de Colpo (fr),,France,FR-0301,""47.89169899067953, -2.882847369316286"",""https://www.google.com/maps/search/?api=1&query=50.16054301042168,2.325417820278172"",""food, frozen desserts"",ice-cream,,2026/04 Lasenor";;;
"329,LSN,La Ibense 1892 (es),,https://laibense1892.com/,,""La Ibense 1892"; Parque Tecnológico de Jerez, Calle de la Cooperación, 1;11591; Jerez de la Frontera; Cádiz;" SPAIN"",,,Spain,,""36.73245932575416, -6.08738529061864"",""https://www.google.com/maps/search/?api=1&query=43.932187401192195,4.878493320997576"",frozen desserts,ice-cream,,2026/04 Lasenor";;
"330,LSN,La Jijonenca (es),,https://jijonenca.es/,,""Industrias Jijonencas"; Polígon Industrial El Espartal, S/N; 03100; Jijona; Alicante;" SPAIN"",,La Jijonenca (grp),Spain,,""38.52195629665959, -0.49190316812237517"",""https://www.google.com/maps/search/?api=1&query=49.26565052771675,4.033926720121762"",frozen desserts,,,2026/04 Lasenor";;
"331,LSN,La Maison d’Armorine (fr),,https://www.maison-armorine.com/,,""The House Armorine"; 1, Rue des Confiseurs, Boulevard plein O ZA;56170; Quiberon;" FRANCE"",The House Armorine (fr),,France,FR-0702,""47.48922449916411, -3.1236804270257887"",""https://www.google.com/maps/search/?api=1&query=44.86951347235059,4.841653395087274"",bakery,""biscuit / coca, dolç, crema, xoco"",,2026/04 Lasenor";;;
332,LSN,La Maison Mercier (fr),,https://www.lamaisonmercier.com/,,La Maison Mercier; 11 Chem. de Montifault;18800; Baugy;" FRANCE,Biscuiterie Chocolaterie Mercier (fr),,France,FR-0503,""47.116058012925464, 2.7440240394853346"",""https://www.google.com/maps/search/?api=1&query=46.83932758735893,-1.4213286354413524"",""salses, bakery"",""dolç, biscuit / coca, crema"",,2026/04 Lasenor";;;
333,LSN,La Mémère (fr),,https://www.lamemere.fr/,,La Mémère; Les Masses;35640; Eancé;" FRANCE,""Compagnie Laitière des Glaces Paysannes (fr), La Memere (fr)"",,France,FR-0702,""47.843052174257124, -1.2337053687620538"",""https://www.google.com/maps/search/?api=1&query=47.607212150088145,3.8636958853086494"",frozen desserts,ice-cream,,2026/04 Lasenor";;;
"334,LSN,La Torinese (cat),,https://www.sandrodesii.com/,,""La Torinese"; Pol. Ind. Can Sedó, Manyans 1, (Antic Palau de la Manyeria); 08292; Esparreguera; Barcelona;" SPAIN"",""Alessandro Desii, Sandro Desii"",,Spain,,""41.56273541228068, 1.8276831021913993"",""https://www.google.com/maps/search/?api=1&query=45.20314126298517,1.5409538421417446"",frozen desserts,ice-cream,,2026/04 Lasenor";;
335,LSN,La Turbine à Saveurs (fr),,https://laturbineasaveurs.com/,,La Turbine à Saveurs; 117 Rte de Lyon;38080; Saint-Alban-de-Roche;" FRANCE,Le Bar à Glaces,,France,FR-0302,""45.60264447522882, 5.2278738501141335"",""https://www.google.com/maps/search/?api=1&query=42.67987927838101,2.8542376658468114"",""frozen desserts, bakery"",""ice-cream, biscuit / coca"",,2026/04 Lasenor";;;
"336,LSN,La Viennoiserie Ligérienne (fr),,https://www.laboulangere.com/,,""647 Rue Antoine, Rue Antonin Carême, 85290 Mortagne-sur-Sèvre, FRANCE"",La Viennoiserie Ligerienne,""norac foods (grp), La Boulangère (grp)"",France,FR-0701,""46.99023434681939, -0.9321901870566742"",""https://www.google.com/maps/search/?api=1&query=48.314214317707815,4.077892858010017"",bakery,,,2026/04 Lasenor";;;;;;;
337,LSN,Lab. Boiron (fr),,http://www.boiron.fr,,20 Rte de la Libération;69110; Sainte-Foy-lès-Lyon;" FRANCE,,,France,FR-0602,""45.730764486535215, 4.77541304877392"",""https://www.google.com/maps/search/?api=1&query=50.74636982325096,3.1195636105441507"",nutra / pharma,homeopatía,,2022/06 aranow";;;;
338,LSN,Lab. Cofane (fr),,https://www.laboratoire-cofane.com/,,29 Rue de l'Épine;85130; Chanverrie;" FRANCE,,,France,FR-0701,""46.96299465561677, -0.991384150783435"",""https://www.google.com/maps/search/?api=1&query=48.15098821851669,3.058940799897716"",cosmetic,,,2026/06 Lasenor";;;;
339,LSN,Laboratoire Solutio (fr),,https://www.laboratoiresolutio.fr/,,BP 147 LES CHASSES;26104; ROMANS CEDEX;" FRANCE,,,France,FR-0601,""45.04313754498705, 5.083134825024042"",""https://www.google.com/maps/search/?api=1&query=44.39481161732179,0.740351702218315"",chemical,,,2026/04 Lasenor";;;;
340,LSN,Laboratoires Activa (fr),,www.laboratoiresactiva.com,,Laboratoires Activa; 49 Rue de Ponthieu;75008; Paris; Île-de-France;" FRANCE,Lab. Activa (fr),,France,FR-0801,""48.87170239472297, 2.306174720918491"",""https://www.google.com/maps/search/?api=1&query=44.66986175334348,0.174625547552634"",nutra / pharma,,,2026/04 Lasenor";;
341,LSN,Laboratoires Lustrel (fr),,https://www.lustrel.com/,,Lustrel Laboratoires Parc Marcel Dassault 273 rue Alberto Santos Dumont;34430; Saint Jean de Vedas;" FRANCE,,,France,FR-0301,""43.55767079157231, 3.8455217619890942"",""https://www.google.com/maps/search/?api=1&query=44.44243658943009,3.1953641228357466"",nutra / pharma,,,2026/04 Lasenor";;;;
"342,LSN,Lactalis Recherche & Développement (fr),,https://www.lactalis.com/,,""8, Fromy";35240; RETIERS;" FRANCE"",,Groupe Lactalis (grp),France,FR-0703,""47.91104063074373, -1.388521731212254"",""https://www.google.com/maps/search/?api=1&query=48.8773604832437,1.062291191654894"",dairy,,,2026/04 Lasenor";;;;
"343,LSN,Lácteas del Jarama (es),,https://lacteasdeljarama.com/,,""C. Torrelaguna, 79";28140; Fuente el Saz de Jarama; Madrid;" SPAIN"",Lacteas del Jarama (es),,Spain,,""40.646285539184824, -3.5110355169909435"",""https://www.google.com/maps/search/?api=1&query=49.421773903666825,2.1238833571815916"",dairy,,,2026/04 Lasenor";;;
"344,LSN,Lácteos del Vallés (cat),,http://lacteosdelvalles.com,,""Carrer de Severo Ochoa, 37"; 08403; Granollers; Barcelona;" SPAIN"",""Lacteos del Valles (cat), Montsec Lácteos Frescos (cat)"",,Spain,,""41.59896365004647, 2.268058502235219"",""https://www.google.com/maps/search/?api=1&query=46.0598850544787,4.043844706637529"",dairy,,,2026/04 Lasenor";;;
"345,LSN,Lactinov Abbeville (fr),,http://www.lactunion.com/,,""Lactinov Abbeville"; Entrée 1 Visiteurs, Citernes, Rte de Vauchelles;80100; Abbeville;" FRANCE"",,Lact’Union (grp),France,FR-1002,""50.10795544516304, 1.8665347536930508"",""https://www.google.com/maps/search/?api=1&query=47.38937046523843,0.7159044023600811"",dairy,,,2026/04 Lasenor";;;
346,LSN,Lactinov Braine (fr),,http://www.lactunion.com/,,Lactinov Braine; Rue des Waillons; 02220; Braine;" FRANCE,,Lact’Union (grp),France,FR-0803,""49.34033248265995, 3.551311447992354"",""https://www.google.com/maps/search/?api=1&query=47.83525057507979,-0.6851926493602907"",dairy,,,2026/04 Lasenor";;;
347,LSN,Laiterie de Saint Malo (fr),,https://www.malo.fr/fr/,,Laiterie de Saint Malo; 9 Rue du Clos du Noyer;35400; Saint-Malo;" FRANCE,,,France,FR-0703,""48.63890422698574, -1.9812405741205614"",""https://www.google.com/maps/search/?api=1&query=37.06894673352195,10.001564718606268"",dairy,""dairy, postre"",,2026/04 Lasenor";;;
"348,LSN,Laiterie Saint Denis de l'Hotel (fr),,,,""LSDH"; 10, ROUTE DE L'AERODROME;45550; SAINT DENIS DE L'HOTEL;" FRANCE"",""L.S.D.H. (fr), LSDH (fr)"",,France,FR-0803,""47.88261713010108, 2.1306549177569223"",""https://www.google.com/maps/search/?api=1&query=48.25906740184851,2.719147553910179"",dairy,,,2026/04 Lasenor";;;
"349,LSN,Lasenor (cat),,https://lasenor.com/,,""C-55, km 5,3"; 08640; Olesa de Montserrat; Barcelona;" SPAIN"",,Holdfood Group,CAT,,""41.553398169508185, 1.881581565171664"",""https://www.google.com/maps/search/?api=1&query=47.83525057507979,-0.6851926493602907"",additives,,,2025/01 Lasenor";;;
350,LSN,Le Chocolat des Français (fr),,https://www.lechocolatdesfrancais.fr/fr/,,Le Chocolat des Français; 8 rue du Caire;75002; Paris;" FRANCE,Le Chocolat des Francais (fr),,France,FR-0801,""48.8673369421619, 2.3521906184252006"",""https://www.google.com/maps/search/?api=1&query=47.856233095358135,-0.7110624980527638"",xoco,""dolç, xoco"",,2026/04 Lasenor";;;
351,LSN,Le Chocolatier Sablais (fr),,https://lechocolatiersablais.fr/,,Le Chocolatier Sablais; 14 Rue Clément Ader;85340; Les Sables-d'Olonne;" FRANCE,,,France,FR-0701,""46.518594189006016, -1.7802926171887894"",""https://www.google.com/maps/search/?api=1&query=44.98805606759149,1.8654291137540961"",xoco,""biscuit / coca, dolç"",,2026/04 Lasenor";;;
352,LSN,Le Comptoir Meunier (fr),,https://comptoirmeunier.fr/,,Le Comptoir Meunier; ZI DU MOULIN A VENT;45250; Briare;" FRANCE,,,France,FR-0803,""47.65440581519753, 2.735425803402392"",""https://www.google.com/maps/search/?api=1&query=47.61119668478724,1.3051282844867078"",bakery,,,2026/04 Lasenor";;;
353,LSN,Le Gall (fr),,https://pro.laiterie-legall.fr/,,Sill; Le Raden;29860; Plouvien;" FRANCE,,Sill (grp),France,FR-0702,""48.54067659641127, -4.490319207218442"",""https://www.google.com/maps/search/?api=1&query=47.747317398006416,7.336284103753153"",""dairy, xoco"",,,2026/04 Lasenor";;;
354,LSN,Le Monde des Crêpes (fr),,http://www.lemondedescrepes.com/,,Le Monde des Crêpes (fr); Rue Becquerel;22400; Lamballe Armor;" FRANCE,Le Monde des Crepes (fr),,France,FR-0702,""48.453534047288485, -2.5050508401671374"",""https://www.google.com/maps/search/?api=1&query=44.98805606759149,1.8654291137540961"",bakery,crêpe / pancake,,2026/04 Lasenor";;;
355,LSN,Le Monde du Macaron - Montluçon (fr),,https://www.mondedumacaron.fr/,,Le Monde du Macaron; 14 Bd de Courtais; 03100; Montluçon;" FRANCE,,Saveurs Délices (grp),France,FR-0503,""46.34059203772542, 2.6013691913366106"",""https://www.google.com/maps/search/?api=1&query=47.05528271088897,6.611988161045664"",confectionary,biscuit / coca,,2026/04 Lasenor";;;
356,LSN,Le Moulin du Pivert (fr),,https://lemoulindupivert.fr/,,2 Chemin de Souloumiac;12270; La Fouillade;" FRANCE,,,France,FR-0501,""44.2282586757179, 2.041456342713066"",""https://www.google.com/maps/search/?api=1&query=43.86483634128686,0.6547578792268941"",bakery,biscuits,,2026/04 Lasenor";;;;
357,LSN,Le petit zeste (fr),,https://lepetitzeste.com/,,Le petit zeste; 80 Rue de l'Industrie;34400; Lunel;" FRANCE,,,France,FR-0301,""43.677651846303114, 4.121158159333303"",""https://www.google.com/maps/search/?api=1&query=36.791568288724854,10.070374141050959"",bakery,biscuit / coca,,2026/04 Lasenor";;;
358,LSN,Le Pompon (fr),,https://www.lepompondebrest.com/,,Le Pompon; 11 Rue de l'Église;22500; Paimpol;" FRANCE,,,France,FR-0702,""48.77920580128001, -3.0469080939204853"",""https://www.google.com/maps/search/?api=1&query=47.95157485096926,-1.4886557874227693"",""bakery, xoco"",""biscuit / coca, dolç"",,2026/04 Lasenor";;;
"359,LSN,Le Ster (fr),,https://www.lesterlepatissier.com/,,""ZI du, Allée du Pigeon Blanc, 56500 Locminé, FRANCE"",Biscuits Le Ster Le Patissier,Goûters Magiques (grp),France,FR-0702,""47.878394176483894, -2.824976234153157"",""https://www.google.com/maps/search/?api=1&query=44.220567490557805,0.6557666008203429"",bakery,""biscuit / coca, crêpe / pancake"",Le Ster,2026/04 Lasenor";;;;;;;
360,LSN,Le Vivier des Saveurs (fr),,https://www.levivierdessaveurs.fr/,,Le vivier des saveurs; 4 Les Viviers;35490; Gahard;" FRANCE,,,France,FR-0703,""48.305506731423236, -1.530582661328202"",""https://www.google.com/maps/search/?api=1&query=48.81980688949812,2.325102936344728"",""dairy, frozen desserts"",ice-cream,,2026/04 Lasenor";;;
361,LSN,Lemarié Patissier (fr),,www.lemariepatissier.com,,Lemarié Patissier; ZA d’Angean;60240; Chaumont-en-Vexin;" FRANCE,Lemarie Patissier (fr),,France,FR-0803,""49.27172007121121, 1.8742224667930565"",""https://www.google.com/maps/search/?api=1&query=50.28255033570125,2.7807067778530925"",bakery,""biscuit / coca, crêpe / pancake"",,2026/04 Lasenor";;;
362,LSN,Les Anis de Flavigny (fr),,https://www.anis-flavigny.com/,,Les Anis de Flavigny; 4 rue de l’Abbaye;21150; Flavigny-sur-Ozerain;" FRANCE,Abbaye de Flavigny,,France,FR-0603,""47.51171508162077, 4.529733200457293"",""https://www.google.com/maps/search/?api=1&query=43.651323003680915,6.926949011468692"",confectionary,dolç,,2026/04 Lasenor";;;
363,LSN,Les Délices Du Valplessis (fr),,https://recrutement.agromousquetaires.com/unite-production/les-delices-du-valplessis/,,Les Délices Du Valplessis; 5 Rue de Plagué;35500; Vitré;" FRANCE,Les Delices Du Valplessis (fr),,France,FR-0703,""48.1202496597763, -1.1886315971054697"",""https://www.google.com/maps/search/?api=1&query=46.14961326901906,-1.2055229184888592"",frozen desserts,ice-cream,""Adélie, Netto, Top Budget"",2026/04 Lasenor";;;
364,LSN,Les Glaciers Normands (fr),,https://www.lesglaciersnormands.fr/,,Les Glaciers Normands; 5 All. des Paitis Blancs;14320; Saint-André-sur-Orne;" FRANCE,,,France,FR-0703,""49.125106110579374, -0.3844702963805941"",""https://www.google.com/maps/search/?api=1&query=36.77031679990227,10.228526681500309"",frozen desserts,ice-cream,,2026/04 Lasenor";;;
"365,LSN,Les Grands Moulins Atlantic (ma),,,,""Rue 7, QI Sidi Bernoussi"; Casablanca;" MOROCCO"",,ecomab (ma),Morocco,,""33.62459385005873, -7.500921196905101"",""https://www.google.com/maps/search/?api=1&query=36.79612182739133,10.101152177847025"",bakery,premixes,,""2025/06 Lasenor";;;;;
"contacte David Yañez""";;;;;;;
366,LSN,Les Grands Moulins Zine - LGMZ Bouskoura (ma),contact@lgmz.ma,http://www.zinecapitalinvest.ma/,,Douar Lagwassem; Bouskoura;" MOROCCO,,Zine Capital Invest,Morocco,,""33.48445006895841, -7.682814729110164"",""https://www.google.com/maps/search/?api=1&query=36.77554289831297,10.271589252969697"",bakery,premixes,Alitkane,""2026/06 Lasenor";;;;;
"gmaps: https://maps.app.goo.gl/yHRXsNMM6bazohFk9""";;;;;;;
367,LSN,Les Grands Moulins Zine - LGMZ Lissasfa (ma),contact@lgmz.ma,http://www.zinecapitalinvest.ma/,,Km 9 Route d’El Jadida; Casablanca;20190;" MOROCCO,,Zine Capital Invest,Morocco,,""33.52798419655615, -7.68025803948569"",""https://www.google.com/maps/search/?api=1&query=36.523496467350725,10.560833812496758"",bakery,premixes,Alitkane,""2026/06 Lasenor";;;;
"gmaps: https://maps.app.goo.gl/mt5GiL9raoULcvr77""";;;;;;;
"368,LSN,Les Grands Moulins Zine - LGMZ Oujda (ma),contact@lgmz.ma,http://www.zinecapitalinvest.ma/,,""Quartier Industriel, Route D'Algérie, Lot, N°4 Rte D'Algerie"; Oujda;60000;" MOROCCO"",,Zine Capital Invest,Morocco,,""34.70317059986623, -1.894209424143801"",""https://www.google.com/maps/search/?api=1&query=36.60645928221944,10.49059858973391"",bakery,premixes,Alitkane,""2026/06 Lasenor";;;;
"gmaps: https://maps.app.goo.gl/7czUJUQUgifjUiuX8""";;;;;;;
369,LSN,Les Macarons d'Olivier (fr),,https://lesmacaronsdolivier.fr,,France Macaron; Avenue Porte Ouest 420; 01480; Fareins;" FRANCE,France Macaron (fr),,France,FR-0603,""46.00800305906023, 4.7818898776755345"",""https://www.google.com/maps/search/?api=1&query=48.854812871581565,2.443662943028494"",bakery,biscuit / coca,,2026/04 Lasenor";;;
370,LSN,Les Mirliflores (fr),,https://lesmirliflores.fr/,,Les Mirliflores; 52 Rue de la Guillemette;81600; Montans;" FRANCE,,,France,FR-0202,""43.862593452862775, 1.88100126438238"",""https://www.google.com/maps/search/?api=1&query=48.27518274660349,2.107188357028491"",bakery,biscuit / coca,,2026/04 Lasenor";;;
"371,LSN,Les Moulins Advens (fr),,,,""1 Pl. Henri Lévy, 67000 Strasbourg, FRANCE"",GMS mill: Les Grands Moulins de Strasbourg,,France,FR-0901,""48.58552505900042, 7.7911984421509395"",""https://www.google.com/maps/search/?api=1&query=48.54700169711064,-4.36111087949838"",bakery,premixes,,2026/04 Lasenor";;;;;;;
"372,LSN,Les Sablés d’Asnelles (fr),,https://sables-asnelles.fr/,,""Les Sablés d'Asnelles"; 2, Place Sir Alexander Stanier;14960; Asnelles;" FRANCE"",,,France,FR-0703,""49.34015738865016, -0.5863782190765291"",""https://www.google.com/maps/search/?api=1&query=47.18301182315218,-1.2591846377941045"",bakery,biscuit / coca,,2026/04 Lasenor";;;
373,LSN,Les Sablés de Nançay (fr),,https://www.lessablesdenancay.com/,,Les Sables de Nançay; Chemin de Champ d’Hyver (route de Salbris);18330; Nançay;" FRANCE,Les Sables de Nancay (fr),,France,FR-0803,""47.35283053990826, 2.1815304344739737"",""https://www.google.com/maps/search/?api=1&query=48.84784903789067,2.286960877749767"",bakery,biscuit / coca,,2026/04 Lasenor";;;
"374,LSN,Lesaffre (ma),,http://www.lesaffre.fr,,""92, Boulevard Batali Med Ben Mekki (ex Gergovie), Roches Noires"; Casablanca;20100;" MOROCCO"",,,Morocco,,""33.59960575645609, -7.577226810620714"",""https://www.google.com/maps/search/?api=1&query=47.90772536911211,1.8971842552057068"",bakery,premixes,,2026/06 Lasenor";;;;
"375,LSN,Lesaffre (ma),,http://www.lesaffre.fr,,""Rue Ibn Benna, Qi Sidi Brahim"; Fès;" MOROCCO"",,,Morocco,,""34.02624311314875, -4.983067803447594"",""https://www.google.com/maps/search/?api=1&query=36.77817078505611,10.273509792673119"",bakery,premixes,,2026/06 Lasenor";;;;;
376,LSN,Lesaffre (fr),,https://www.lesaffre.com/,,Lesaffre International; 77 rue de Menin;59520; Marquette-lez-Lille;" FRANCE,,Lesaffre (grp),France,FR-1002,""50.675855388054565, 3.079582395039605"",""https://www.google.com/maps/search/?api=1&query=36.696909015104936,10.497334998360067"",bakery,premixes,,2026/04 Lasenor";;;
377,LSN,Lesaffre International (fr),,https://www.lesaffre.com/,,Lesaffre International; 77 rue de Menin;59520; Marquette-lez-Lille;" FRANCE,,Lesaffre (grp),France,FR-1002,""50.675855388054565, 3.079582395039605"",""https://www.google.com/maps/search/?api=1&query=36.771674807899686,10.226423318408893"",bakery,premixes,,2026/04 Lasenor";;;
378,LSN,Lili's Brownies (fr),,https://lilisbrownies.fr/,,Lili's Brownies; 8 Av. des Tropiques;91940; Les Ulis;" FRANCE,,norac foods (grp),France,FR-0802,""48.683058661126445, 2.197522134597083"",""https://www.google.com/maps/search/?api=1&query=47.03686568159022,-1.1805586114968238"",bakery,biscuit / coca,,2026/04 Lasenor";;;
379,LSN,Lin-Lov (fr),,https://www.lin-lov.com/,,Chemin de la Palette;65700; Maubourguet;" FRANCE,Lin-Lov Graine d'Or (fr),,France,FR-0202,""43.46399470809702, 0.039428178903078925"",""https://www.google.com/maps/search/?api=1&query=47.06120446638176,-1.1866799726237447"",""food, xoco, BIO"",PTEs BIO,,2026/04 Lasenor";;;;
380,LSN,Lindt & Sprungli (fr),,,,AVENUE DE LATTRE DE TASSIGNY; F-64400; OLORON SAINTE-MARIE;" FRANCE,,,France,FR-0103,""43.20279830180208, -0.6232378568294341"",""https://www.google.com/maps/search/?api=1&query=48.41537807943048,-1.3626213065937918"",xoco,,,2026/04 Lasenor";;;;
381,LSN,Lotus Bakeries - Briec (fr),,https://www.lotusbakeries.fr/,,Lotus Bakeries; 815 Av. du Pays Glazik;29510; Briec;" FRANCE,""Lotus Bakeries - Briec de L'Odet (fr), Biscuiterie Le Glazik (fr)"",Lotus Bakeries (grp),France,FR-0702,""48.10007781427613, -4.026591185064565"",""https://www.google.com/maps/search/?api=1&query=48.680303901414426,2.2003773097774753"",""bakery, frozen desserts"",""biscuit / coca, ice-cream, crêpe / pancake, crema"",,2026/04 Lasenor";;;
382,LSN,Lotus Bakeries - Comines (fr),,https://www.lotusbakeries.fr/,,Lotus Bakeries; 9 bis Pl. du Château;59560; Comines;" FRANCE,,Lotus Bakeries (grp),France,FR-1002,""50.76670246826088, 3.0099241111291892"",""https://www.google.com/maps/search/?api=1&query=44.84543503195236,0.5108855259851308"",""bakery, frozen desserts"",""biscuit / coca, ice-cream, crêpe / pancake, crema"",,2026/04 Lasenor";;;
383,LSN,Louis François (fr),,http://www.louisfrancois.com/,,Louis François; 17 Rue des Vieilles Vignes;77183; Croissy-Beaubourg;" FRANCE,Louis Francois (fr),,France,FR-0802,""48.81982646838494, 2.6446818786822295"",""https://www.google.com/maps/search/?api=1&query=36.69149489922905,3.3791352332731637"",""additives, bakery"",,,2026/04 Lasenor";;;
"384,LSN,LTR Industries - SWM (fr),,http://www.swmintl.com/,,""Grand Plessis, 72700 Spay, FRANCE"",Schweitzer-Mauduit International (fr),,France,FR-0703,""47.936815682265284, 0.17185591906542508"",""https://www.google.com/maps/search/?api=1&query=43.57708018054864,3.8430792859257146"",additives,,,2026/04 Lasenor";;;;;;;
385,LSN,Lucas Meyer Cosmetics (fr),,https://www.lucasmeyercosmetics.com/en,,Lucas Meyer Cosmetics; 13 Rue Ella Maillart;91300; Massy;" FRANCE,Clariant,,France,FR-0802,""48.72258472171952, 2.2680508220079414"",""https://www.google.com/maps/search/?api=1&query=39.931223440268134,-4.888764165611534"",cosmetic,,,2026/04 Lasenor";;;
386,LSN,Lucien Georgelin Céréales (fr),,https://www.lucien-georgelin.com/fr/,,ZI DE LA BOULBENE RUE LOUIS DUCOS DU HAURON;47300; VILLENEUVE SUR LOT;" FRANCE,,,France,FR-0202,""44.39481161732179, 0.740351702218315"",""https://www.google.com/maps/search/?api=1&query=34.88783105918322,-1.2985753647798024"",salses,,,2026/04 Lasenor";;;;
387,LSN,Lutti (fr),,https://carambarco.com/,,Lutti; 262 Av. Albert Calmette;59910; Bondues;" FRANCE,,Carambar & co (grp),France,FR-1002,""50.716758816257176, 3.1283783088711514"",""https://www.google.com/maps/search/?api=1&query=49.26831703994456,-0.6777565223392131"",confectionary,,,2026/04 Lasenor";;;
388,LSN,Macaronade de Castel (fr),,https://www.macaronadecastel.fr,,Macaronade de Castel; 771 allée des Tournesols;82100; Castelsarrasin;" FRANCE,Ajinomoto (fr),,France,FR-0202,""44.05677924715167, 1.1044800617755715"",""https://www.google.com/maps/search/?api=1&query=36.77031679990227,10.228526681500309"",bakery,biscuit / coca,,2026/04 Lasenor";;;
389,LSN,Maffren Confiseur - Provence (fr),,https://www.maffren.com/,,Maffren Confiseur; 22 Chem. de Grange Neuve; 05300; Le Poët;" FRANCE,,Saveurs Délices (grp),France,FR-0303,""44.28975115012493, 5.901147567301718"",""https://www.google.com/maps/search/?api=1&query=48.22317140726973,4.130728136761754"",confectionary,biscuit / coca,Maffren Confiseur,2026/04 Lasenor";;;
390,LSN,Maghreb Industries (ma),,https://fr.flash-cg.com/; https://fr.flash-cg.com/,,Parc Industriel de Nouaceur Sapino 361; Casablanca;27000;" MOROCCO,,,Morocco,,""33.4049269901078, -7.542910216983268"",""https://www.google.com/maps/search/?api=1&query=45.57842570098822,5.905070909677542"",confectionary,""pasta de xiclet, gummies"",""Flash, YamY, PLMA"",""2026/06 Lasenor";;;
"visita 02/07/26""";;;;;;;
"391,LSN,Mahala Baserriko Produktuak (es),,https://mahala.eus/es/,,""Mahala Baserriko Produktuak"; Lugar, 0 S N;20491; Leaburu; Gipuzkoa;" SPAIN"",Jokin Arrospide Arrate (es),,Spain,,""43.12240928072771, -2.047463265776279"",""https://www.google.com/maps/search/?api=1&query=49.444646081616796,1.0438735354287438"",frozen desserts,ice-cream,,2026/04 Lasenor";;
392,LSN,Maison Alpérel (fr),,https://www.maisonalperel.com/,,Maison Alpérel; N10;78190; Trappes;" FRANCE,""Maison Alperel (fr), Les Glaciers Parisiens (fr)"",,France,FR-0802,""48.76685125214797, 1.9739215636405916"",""https://www.google.com/maps/search/?api=1&query=49.63356930854858,1.5389553039609238"",frozen desserts,ice-cream,,2026/04 Lasenor";;;
393,LSN,Maison Alsacienne de Biscuiterie (fr),,https://www.maison-alsacienne-biscuiterie.com/fr/,,Maison Alsacienne de Biscuiterie Atelier; 7 Rue Emile Schwoerer;68000; Colmar;" FRANCE,,,France,FR-0901,""48.101443690872884, 7.368141268164781"",""https://www.google.com/maps/search/?api=1&query=44.85580176282172,0.00504572841572127"",""bakery, confectionary"",""biscuit / coca, dolç"",,2026/04 Lasenor";;;
394,LSN,Maison Banali (fr),,https://www.maisonbanali.com/,,Maison Banali; 5 Rue Aubetin;77380; Combs-la-Ville;" FRANCE,,,France,FR-0802,""48.53363421463968, 2.6901751897855286"",""https://www.google.com/maps/search/?api=1&query=36.736276236316066,10.29979414699378"",""dairy, xoco"",,,2026/04 Lasenor";;;
395,LSN,Maison Bruyère (fr),,https://www.maisonbruyere.fr/,,Maison Bruyère; 53 Chemin de La Bouissounade;81150; Lagrave;" FRANCE,,,France,FR-0202,""43.889894020286214, 1.9752619744725228"",""https://www.google.com/maps/search/?api=1&query=39.479189759933845,-0.3774670957217932"",bakery,""biscuit / coca, crêpe / pancake"",,2026/04 Lasenor";;;
396,LSN,Maison de Florentins (fr),,https://www.florentins.fr/,,Maison de Florentins; Rue de Lorraine 58;44240; La Chapelle sur Erdre;" FRANCE,Chantillon Chocolatier (fr),,France,FR-0701,""47.28522738439481, -1.5436569788491576"",""https://www.google.com/maps/search/?api=1&query=44.761395036356724,-0.6685422577457503"",bakery,biscuit / coca,,2026/04 Lasenor";;;
397,LSN,Maison Guinguet (fr),,https://www.maisonguinguet.com/,,Maison Guinguet; 163 Rue des Cavales;47120; Duras;" FRANCE,,,France,FR-0202,""44.66986175334348, 0.174625547552634"",""https://www.google.com/maps/search/?api=1&query=46.44742367107727,-0.8082884589201558"",salses,""dolç, xoco, crema"",,2026/04 Lasenor";;;
398,LSN,Maison Mariebel (fr),,https://www.mariebel.com/,,Mariebel; 87. bd de Lattre de Tassigny;85170; Les Lucs sur Boulogne;" FRANCE,,masdeu group (grp),France,FR-0701,""46.86080988569517, -1.4602618586257792"",""https://www.google.com/maps/search/?api=1&query=46.187560011927104,5.300752307009074"",bakery,crêpe / pancake,,2026/04 Lasenor";;;
399,LSN,Maison Menissez (fr),,https://www.menissez.fr/,,Menissez; 630 Rue Daniel Gaillard;59750; Feignies;" FRANCE,,,France,FR-1003,""50.27895245035198, 3.9047095954182134"",""https://www.google.com/maps/search/?api=1&query=47.11368888347597,5.493669190928649"",bakery,bakery,,2026/04 Lasenor";;;
400,LSN,Maison Orsoni (fr),,https://www.biscuiterie-orsoni.com/,,Maison Orsoni; 7 Rue Wulfram Puget;13008; Marseille;" FRANCE,,,France,FR-0301,""43.277110674349665, 5.38306608022994"",""https://www.google.com/maps/search/?api=1&query=44.02621333611185,4.973414721230017"",bakery,biscuit / coca,,2026/04 Lasenor";;;
401,LSN,Maison Palmetto (fr),,https://www.maisonpalmetto.com/,,6 Rue d'Eschentzwiller;68440; Zimmersheim;" FRANCE,,,France,FR-0901,""47.71980910995822, 7.391306549333722"",""https://www.google.com/maps/search/?api=1&query=48.895131314377025,2.238276122392515"",food,,,2026/04 Lasenor";;;;
"402,LSN,Maison Pécou (fr),,https://maisonpecou.com/,,""Maison Pécou"; 5, rue Ernest Pécou;82000; Montauban;" FRANCE"",Maison Pecou (fr),,France,FR-0202,""44.04088052762711, 1.3637615334825393"",""https://www.google.com/maps/search/?api=1&query=43.606011147326505,1.4474692031564995"",""confectionary, xoco"",dolç,,2026/04 Lasenor";;;
403,LSN,Maison Peltier (fr),,https://www.maison-peltier.com/fr/,,Maison Peltier; Parc d'activités du Mont St Michel;50170; Pontorson;" FRANCE,,,France,FR-0703,""48.55997183055112, -1.4937622454561164"",""https://www.google.com/maps/search/?api=1&query=48.92592714555779,2.3272933025961735"",bakery,biscuit / coca,,2026/04 Lasenor";;;
404,LSN,Maison Planchot (fr),,https://www.maisonplanchot.com/,,La Tresse Dorée; 17 Rue de l'Industrie;85500; Les Herbiers;" FRANCE,La Tresse Dorée (fr),,France,FR-0701,""46.86146385405964, -1.0035790108817646"",""https://www.google.com/maps/search/?api=1&query=36.7166559514546,10.168520157708794"",bakery,""biscuit / coca, xoco"",,2026/04 Lasenor";;;
"405,LSN,Maison Thiriet (fr),,https://livraison.thiriet.com/,,""Atelier Maison Thiriet"; Z.I, 88510; Éloyes;" FRANCE"",,,France,FR-0902,""48.08549974261575, 6.600164098567629"",""https://www.google.com/maps/search/?api=1&query=47.85741227938734,-1.6815719936669478"",frozen desserts,ice-cream,,2026/04 Lasenor";;;;
"406,LSN,Malakoff (fr),,https://www.boutique-malakoff.fr/,,""Malakoff"; ZA L'oasis, Lieudit La Mothe;48500; Banassac;" FRANCE"",,,France,FR-0202’,""44.44243658943009, 3.1953641228357466"",""https://www.google.com/maps/search/?api=1&query=38.382889470519814,-0.5042855476990217"",salses,""biscuit / coca, crema, xoco, dolç"",,2026/04 Lasenor";;;
407,LSN,Manafid Alhouboub (ma),contact@manafidalhouboub.ma,http://www.zinecapitalinvest.ma/,,Zone Industrielle Had Soualem Route 3011; Had Soualem;26402;" MOROCCO,,Zine Capital Invest,Morocco,,""33.4338992886807, -7.825267151424521"",""https://www.google.com/maps/search/?api=1&query=38.382889470519814,-0.5042855476990217"",bakery,premixes,,""2026/06 Lasenor";;;;
"gmaps: https://maps.app.goo.gl/yLuD4WbAaqLkcemA9""";;;;;;;
"408,LSN,Manufacture Cluizel (fr),,http://www.cluizel.com/fr/,,""7 Avenue Michel Cluizel, 27240 Mesnils-sur-Iton, FRANCE"",,,France,FR-0803,""48.8773604832437, 1.062291191654894"",""https://www.google.com/maps/search/?api=1&query=40.32273174134795,-3.753583670695936"",salses,,,2026/04 Lasenor";;;;;;;
409,LSN,MargAfrique (ma),,https://www.margafrique.ma/,,rue El Haouza; Oukacha; Aïn Sebaâ; Casablanca;20300;" MOROCCO,,,Morocco,,""33.60670580186512, -7.560667420119562"",""https://www.google.com/maps/search/?api=1&query=40.538049789253485,-3.6433194373555495"",dairy,""margarines, cream cheese"",""Vital, ideal, Atlas, Cheezy, El Castillo, La Prairie, La Hollandaise"",""2026/06 Lasenor";;
"contacte David Yañez""";;;;;;;
"410,LSN,Marie Morin (fr),,http://www.marie-morin.fr/,,""Marie Morin"; 2, rue du Tisonnier, Zone Artisanale de l'Espérance;22120; Quessoy;" FRANCE"",,,France,FR-0702,""48.44777972645752, -2.6409190069010573"",""https://www.google.com/maps/search/?api=1&query=47.89988903348629,-2.4155536773281012"",xoco,postre,,2026/04 Lasenor";;;
411,LSN,Marinnette La Biscuiterie Créative (fr),,https://marinette.eu/,,Marinnette La Biscuiterie Créative; 136 Boulevard de Finlande;54340; Pompey;" FRANCE,,,France,FR-0903,""48.780149070561066, 6.137526474912154"",""https://www.google.com/maps/search/?api=1&query=50.00831064248019,3.6932145806262335"",bakery,biscuit / coca,,2026/04 Lasenor";;;
"412,LSN,Martin Braun Gruppe (grp),,https://www.martinbraun.es/es-ES/categoria-de-producto/heladeria,,""Martin Braun"; Montevideo, s/n;30500; Molina de Segura; Murcia ;" SPAIN"",Aromas Arconsa (es),Martin Braun Gruppe (grp),Spain,,""38.076449645103445, -1.2246508447813282"",""https://www.google.com/maps/search/?api=1&query=49.833064384239,3.8889246265297115"",additives,,,2026/04 Lasenor";;
413,LSN,masdeu (fr),,https://www.masdeu.net/,,Mariebel; 87. bd de Lattre de Tassigny;85170; Les Lucs sur Boulogne;" FRANCE,,masdeu group (grp),France,FR-0701,""46.86080988569517, -1.4602618586257792"",""https://www.google.com/maps/search/?api=1&query=45.78958431470339,6.211070677012403"",bakery,ice-cream,,2026/04 Lasenor";;;
414,LSN,Masdeu Group (fr),,https://www.masdeu.net/,,Mariebel; 87. bd de Lattre de Tassigny;85170; Les Lucs sur Boulogne;" FRANCE,,masdeu group (grp),France,FR-0701,""46.86080988569517, -1.4602618586257792"",""https://www.google.com/maps/search/?api=1&query=43.18632383523306,2.75284300276433"",bakery,,,2026/04 Lasenor";;;
415,LSN,Matatie (fr),,https://matatie.com/,,12 RUE GOBERT;75011; PARIS;" FRANCE,,,France,FR-0801,""48.8557901114565, 2.382954289471634"",""https://www.google.com/maps/search/?api=1&query=43.4906903699835,1.532240115157692"",bakery,biscuit / coca,Matatie,2026/04 Lasenor";;;;
416,LSN,Materne MOM Group (fr),,https://maternefoodservice.fr/,,Place André Venet; 02450; Boué;" FRANCE,,,France,FR-1003,""50.00831064248019, 3.6932145806262335"",""https://www.google.com/maps/search/?api=1&query=47.1833870134763,-1.4250138814068858"",""dairy, food"",,,2026/04 Lasenor";;;;
"417,LSN,Matresa Tercer Milenio (es),,https://ulalahelados.com/,,""Matresa Tercer Milenio"; Carrer Elda, 2, nave 12; 03509; Finestrat; Alicante;" SPAIN"",Ulalá (es),,Spain,,""38.53782443247932, -0.18181526356207184"",""https://www.google.com/maps/search/?api=1&query=43.644185036344055,3.8430567176106267"",frozen desserts,ice-cream,,2026/04 Lasenor";;
418,LSN,McCain Food (fr),,http://www.mccain.fr/,,McCain Food; Parc Entreprise Motte du Bois;62440; Harnes;" FRANCE,,McCain Food (grp),France,FR-1002,""50.46523361887575, 2.9103685525986673"",""https://www.google.com/maps/search/?api=1&query=33.418832306383564,-7.644130933158625"",food,,,2026/04 Lasenor";;;
419,LSN,McCormick (fr),,http://www.mccormick.com,,999 Av. des Marchés;84200; Carpentras;" FRANCE,,McCormick,France,FR-0301,""44.037046788217545, 5.0407057000004265"",""https://www.google.com/maps/search/?api=1&query=33.53179601230553,-7.67173490670659"",salses,,,""2016/02 PackFeeder";;;;
McCormick / Mc Cormick;;;;;;;
 Client no pharma;;;;;;;
 Conegut a visita PackFeeder el 02/02/16;;;;;;;
"
420,LSN,Med Oil (tn),,www.medoil.com.tn,,ZI Route du bac; Rades; 2040; Tunis; TUNISIA,,Poulina Group Holding,Tunisia,,36.77817078505611, 10.273509792673119"",""https://www.google.com/maps/search/?api=1&query=33.62407644582921,-7.509804535572881"",""dairy, salses, oils"",""margarina, mayo"",""Jadida, Feuillatine, Savoureuse, Label, Vitalia, Léna, Teranga"",2026/05/11 Lasenor visita";;;;;;;
"421,LSN,Mediterranean Biofood Company (dz),contact@biofood-dz.com,https://biofood-dz.com/,,""Cité 20 Août B et C, Boudouaou"; Boumerdes;" ALGERIA"",,,Algeria,,""36.75592804146215, 3.4825033696284997"",""https://www.google.com/maps/search/?api=1&query=33.49339963819857,-7.807027897793485"",additives,""ingredients funcionals per bakery, pastisseria i gelats"",Yastene,""2026/06 Lasenor";;;;;
"contacte David""";;;;;;;
"422,LSN,Michoc (ma),,https://www.michoc.com/,,""No.1, Lotissement Al Hamd"; Casablanca;20250;" MOROCCO"",,,Morocco,,""33.59720895356235, -7.505495664422408"",""https://www.google.com/maps/search/?api=1&query=33.60670580186512,-7.560667420119562"",""confectionary, bakery, xoco"",""biscuits, gaufrettes, caramels"",""YOUPI, Cremo, MOELO, REGLISO, Bonbo, Leka, Chocobarre"",""2026/06 Lasenor";;;;
"contacte David Yañez""";;;;;;;
423,LSN,Miko (fr),,https://www.miko.fr/,,Miko; Rue Bonnor;52100; Saint-Dizier;" FRANCE,Unilever (fr),,France,FR-0903,""48.65370308923631, 4.933285926665023"",""https://www.google.com/maps/search/?api=1&query=32.988535481669416,-7.620316120130799"",frozen desserts,ice-cream,,2026/04 Lasenor";;;
424,LSN,Millbäker (fr),,http://www.millbaker.com/,,Millbäker; ZI La Fonderie;10700; Torcy-le-Petit;" FRANCE,""Millbaker (fr), Milbaker (fr), Milbäker (fr)"",,France,FR-0803,""48.52683855778922, 4.186331136137411"",""https://www.google.com/maps/search/?api=1&query=33.66417293683301,-7.409768930781122"",""bakery, food"",bakery,,2026/04 Lasenor";;;
"425,LSN,Minoterie Forest (fr),,https://www.minoterie-forest.com/,,""Minoterie Forest, Moulin de Coureau";71250; Bray;" FRANCE"",,,France,FR-0603,""46.515129976246115, 4.691375325951947"",""https://www.google.com/maps/search/?api=1&query=41.54522380177154,2.045612842905252"",bakery,,,2026/04 Lasenor";;;;
426,LSN,Minoterie Girardeau (fr),,https://www.minoterie-girardeau.com/fr/,,Le Fromenteau;44190; Boussay;" FRANCE,,,France,,""47.06120446638176, -1.1866799726237447"",""https://www.google.com/maps/search/?api=1&query=48.651893472999944,2.5550645891205424"",bakery,premixes,,2026/04 Lasenor";;;;
427,LSN,Minoterie Suire (fr),,https://www.minoterie-suire.com/,,Le Feuillou;44190; Boussay;" FRANCE,,,France,FR-0701,""47.03686568159022, -1.1805586114968238"",""https://www.google.com/maps/search/?api=1&query=33.53342220150254,-7.583383080493702"",bakery,premixes,,2026/04 Lasenor";;;;
"428,LSN,mon pari gourmand (fr),,https://www.monparigourmand.com/fr/,,""mon pari gourmand"; Rue Paul Gréber BP 985, ZAC de Ther d’Allonne;60009; Beauvais;" FRANCE"",Paris-Caramels (fr),,France,FR-0803,""49.421773903666825, 2.1238833571815916"",""https://www.google.com/maps/search/?api=1&query=33.42622248986742,-7.639156291737861"",salses,dolç,,2026/04 Lasenor";;;
429,LSN,Mondelez (fr),,https://www.mondelezinternational.com/france/,,Mondelez; 6 rue René Razel;91400; SACLAY;" FRANCE,,Mondelez (grp),France,FR-0802,""48.73650780922492, 2.168352234966497"",""https://www.google.com/maps/search/?api=1&query=33.5706807335838,-7.623733652688219"",""bakery, xoco"",,,2026/04 Lasenor";;;
430,LSN,Mondelēz International Biscuit R&D (fr),,https://www.mondelezinternational.com/france/,,Mondelez; 6 rue René Razel;91400; SACLAY;" FRANCE,,Mondelez (grp),France,FR-0802,""48.73650780922492, 2.168352234966497"",""https://www.google.com/maps/search/?api=1&query=33.52026793695944,-7.6459781388714445"",""bakery, xoco"",,,2026/04 Lasenor";;;
"431,LSN,Monzó Luis (es),,http://www.granizadosmonzo.com/,,""Monzó Luis"; Pol. Ind. la Carrera, Carrer ď Àustria, 1;46240; Carlet; Valencia;" SPAIN"",Granizados Monzó (es),,Spain,,""39.230175156461165, -0.5061298984293211"",""https://www.google.com/maps/search/?api=1&query=33.60917676542465,-7.4868497577053"",frozen desserts,ice-cream,,2026/04 Lasenor";;
"432,LSN,Moroccan Food Processing (ma),,https://www.mfpo.ma/,,""rue Al Mariniyyine, Zone Industrielle de Berrechid"; Berrechid;26100;" MOROCCO"",,,Morocco,,""33.252051991939794, -7.585775104772541"",""https://www.google.com/maps/search/?api=1&query=33.421527086053445,-7.838645617564764"",beverage,,,""2025/06 Lasenor";;;;
"contacte David Yañez""";;;;;;;
433,LSN,Moulin d'Or (tn),,https://www.moulindor.tn/; https://www.grupobimbo.com/en/brands/europe-and-africa/tunisia,,Bonelle;8020; Sulayman; TUNISIA,Bonelle (tn); Moulin d'Or (tn);" Bimbo (tn),Groupe Bimbo,Tunisia,,""36.696909015104936, 10.497334998360067"",""https://www.google.com/maps/search/?api=1&query=33.55064697974609,-7.635076357932698"",""bakery, confectionary, xoco"",,,""2026/05 Lasenor";
"visita 12/05/26""";;;;;;;
434,LSN,Moulin de la Trappe (fr),,https://www.boutique-abbayedeseptfons.com/fr/,,85 Route de Sept Fons; 03290; Diou;" FRANCE,Moulin de la Trappe Sept Fons (fr),,France,FR-0503,""46.552208705716076, 3.7047718831255856"",""https://www.google.com/maps/search/?api=1&query=33.59187438882266,-7.634437936926468"",""food, beverage, instant"",,,2026/04 Lasenor";;;;
435,LSN,Moulin Paul Dupuis (fr),,https://lesmoulinsfamiliaux.com/,,Moulin Paul Dupuis; 58 rue de Ferrières;76220; Gournay-en-Bray;" FRANCE,,Les Moulins Familiaux (grp),France,FR-0803,""49.48213396832877, 1.7285352635675177"",""https://www.google.com/maps/search/?api=1&query=33.44981863564406,-7.63309951819427"",bakery,,,2026/04 Lasenor";;;
"436,LSN,Moulins de Brasseuil (fr),,https://lesmoulinsfamiliaux.com/,,""Moulins de Brasseuil"; 14, rue de la Vaucouleurs;78930; Auffreville-Brasseuil;" FRANCE"",,Les Moulins Familiaux (grp),France,FR-0803,""48.94964470590162, 1.7015686364678038"",""https://www.google.com/maps/search/?api=1&query=33.62417671321714,-7.501189920866136"",bakery,,,2026/04 Lasenor";;;
437,LSN,Moulins de Chars (fr),,https://lesmoulinsfamiliaux.com/,,Moulins de Chars; 7 rue Dory;95750; Chars;" FRANCE,,Les Moulins Familiaux (grp),France,FR-0803,""49.15803453144512, 1.9351833338966409"",""https://www.google.com/maps/search/?api=1&query=33.62459385005873,-7.500921196905101"",bakery,,,2026/04 Lasenor";;;
438,LSN,Moulins de Chérisy (fr),,https://lesmoulinsfamiliaux.com/,,Moulins de Chérisy; 14 route de Paris;28500; Chérisy;" FRANCE,Moulins de Cherisy (fr),Les Moulins Familiaux (grp),France,FR-0803,""48.774644804964915, 1.4146565220625849"",""https://www.google.com/maps/search/?api=1&query=33.56803213826338,-7.649344108065223"",bakery,,,2026/04 Lasenor";;;
439,LSN,Moulins Dumée (fr),,https://www.moulins-dumee.com/,,Moulins Dumée; 4 Rue du Port au Vin;89100; Gron;" FRANCE,Moulins Dumee (fr),,France,FR-0803,""48.164911019358044, 3.2768202071037145"",""https://www.google.com/maps/search/?api=1&query=33.824230859481354,-5.5252177722373546"",bakery,,,2026/04 Lasenor";;;
440,LSN,Moutarderie Bioster (fr),sales@Bioster.fr,https://www.bioster.fr/,,Moutarderie Bioster; Rue de l'Écluse;10800; Saint-Thibault;" FRANCE,,,France,FR-0803,""48.22317140726973, 4.130728136761754"",""https://www.google.com/maps/search/?api=1&query=33.252051991939794,-7.585775104772541"",""food, salses"",,,2026/04 Lasenor";;;
441,LSN,Mulot & Petit Jean (fr),,https://mulotpetitjean.com/fr/,,Pain d'Épices Mulot et Petitjean; 13 Pl. Bossuet;21000; Dijon;" FRANCE,Mulot & Petitjean (fr),,France,FR-0603,""47.32067932405149, 5.0374896274517695"",""https://www.google.com/maps/search/?api=1&query=34.32509126701594,-6.559908742289868"",bakery,biscuit / coca,,2026/04 Lasenor";;;
"442,LSN,Nataïs (fr),,http://www.popcorn.fr/,,""1000 Chem. de Villeneuve, 32130 Bézéril, FRANCE"",Natais (fr),,France,FR-0202,""43.51926744149631, 0.894362279205083"",""https://www.google.com/maps/search/?api=1&query=30.422965825687026,-9.593843313445953"",food,,,2026/04 Lasenor";;;;;;;
"443,LSN,NAVOC - North African Vegetable Oil Company (ma),navoc.maroc@navoc.ma,http://www.zinecapitalinvest.ma/,,""N°7, Rp, Rte De Marrakech"; Berrechid;26100;" MOROCCO"",,Zine Capital Invest,Morocco,,""33.25531271369174, -7.583890035491219"",""https://www.google.com/maps/search/?api=1&query=33.43785341029963,-7.6400338592179"",""dairy, oils"",margarines i olis doméstics,,""2026/06 Lasenor";;;;
gmaps: https://maps.app.goo.gl/p1uNugFaGUy9UCEk7;;;;;;;
Al 2023 ZINE va comprar la planta de Savola Morocco d'olis;;;;;;;
"Ara fan: huiles de tables, des huiles d’olive et de la margarine""";;;;;;;
444,LSN,Nestlé Quality Assurance Center Cergy (fr),,,,Nestlé; Allée du Promenoir;92800; Cergy Pontoise;" FRANCE,Nestlé Quality Assurance Center Cergy (fr),Nestlé (grp),France,FR-0802,""49.05695585693382, 2.0369100357322187"",""https://www.google.com/maps/search/?api=1&query=33.44770246143399,-7.5165785328705"",food,,,2026/04 Lasenor";;;
445,LSN,Nexira CNI (fr),,https://www.nexira.com/fr/,,Nexira CNI; 129 Chem. de Croisset; CS 94151;76000; Rouen;" FRANCE,,Nexira (fr),France,FR-1003,""49.444646081616796, 1.0438735354287438"",""https://www.google.com/maps/search/?api=1&query=33.58430296531726,-7.603975406709531"",ingredients,,,""2026/05 Lasenor";;
"Nexira CNI (fr)""";;;;;;;
446,LSN,Nexira Lamothe (fr),,https://www.nexira.com/fr/,,Nexira Lamothe; 1 ZA le Noyer Brule;24230; Lamothe-Montravel;" FRANCE,,Nexira (fr),France,FR-0203,""44.85580176282172, 0.00504572841572127"",""https://www.google.com/maps/search/?api=1&query=33.51191476837331,-7.5560807418813045"",ingredients,,,""2026/05 Lasenor";;;
"Nexira Lamothe (fr)""";;;;;;;
447,LSN,Nexira Serqueux (fr),,https://www.nexira.com/fr/,,Nexira Serqueux; Rte de Neufchâtel;76440; Serqueux;" FRANCE,,Nexira (fr),France,FR-1003,""49.63356930854858, 1.5389553039609238"",""https://www.google.com/maps/search/?api=1&query=33.601887080738265,-7.567205041590436"",ingredients,,,""2026/05 Lasenor";;;
"Nexira Serqueux (fr)""";;;;;;;
"448,LSN,Nigay (fr),,http://www.nigay.com/,,""ZI de la Gare BP 2 - La Féculerie, 29 Av. Jean Jaurès, 42110 Feurs, FRANCE"",,,France,FR-0602,""45.74477654435825, 4.230198582551666"",""https://www.google.com/maps/search/?api=1&query=33.615766878776924,-7.512027845085885"",additives,,,""2026/04 Lasenor";;;;;;;
"Nigay (fr) / Nigai (fr)""";;;;;;;
449,LSN,Nobless (fr),,http://nobless-export-afrique.com/,,116 rue de Turenne;75003; Paris;" FRANCE,,,France,FR-0801,""48.86338726499627, 2.3647883861338044"",""https://www.google.com/maps/search/?api=1&query=36.837866505638544,10.298387589238667"",partner,export per Africa,,""2016/10 invPACK";;;;
Nobless;;;;;;;
 Suppplier to Africa;;;;;;;
 trader de food a Àfrica, orientat a Àfrica;;;;;;;
 adreça a França:;;;;;;;
 116 rue de Turenne, 75003 Paris, FRANCE/FRANÇA;;;;;;;
" visita Emballage 2016""";;;;;;;
450,LSN,Nor'pain (fr),,https://www.laboulangere.com/,,Nor'pain; 67 Le Vieux Moulin;76890; Val-de-Saâne;" FRANCE,Norpain,""norac foods (grp), La Boulangère (grp)"",France,FR-1003,""49.70057076638229, 0.965520293961853"",""https://www.google.com/maps/search/?api=1&query=36.708172247156085,10.3810178952009"",bakery,,,2026/04 Lasenor";;;
"451,LSN,Nougat Chabert et Guillot (fr),,https://www.nougat-chabert-guillot.com/,,""Nougat Chabert et Guillot """"Siège"""""; ZAC Les Portes de Provence; 4 rue Emile Monier;26202; Montélimar;" FRANCE"",,,France,FR-0601,""44.52425964314872, 4.742355012552534"",""https://www.google.com/maps/search/?api=1&query=36.72245395354516,10.295647129244319"",confectionary,""biscuit / coca, dolç"",,2026/04 Lasenor";;
"452,LSN,nutragroup (fr),,www.nutragroup.fr,,""nutragroup"; ZI des Fontanettes, 145 rue Philibert Routin;73000; Chambéry;" FRANCE"",,,France,FR-0602,""45.57842570098822, 5.905070909677542"",""https://www.google.com/maps/search/?api=1&query=33.59960575645609,-7.577226810620714"",""ingredients, agro"",,,""2026/05 Lasenor";;;
"Grupo industrial de complementos alimenticios y nutrición especializada. Fabricación y distribución de suplementos a escala europea.""";;;;;;;
453,LSN,Nutribio (fr),,http://www.nutribio.com/,,Nutribio; Rue de Rouval;80600; Doullens;" FRANCE,,,France,FR-1002,""50.16054301042168, 2.325417820278172"",""https://www.google.com/maps/search/?api=1&query=34.02624311314875,-4.983067803447594"",""bakery, confectionary, instant"",""PTE pols INS, cereals"",,2026/04 Lasenor";;;
454,LSN,Nutripure (fr),,,,Nutripure; 439 Rue Morhange;31450; Deyme;" FRANCE,,,France,FR-0202,""43.4906903699835, 1.532240115157692"",""https://www.google.com/maps/search/?api=1&query=49.575649212993696,3.028357005788655"",""instant, nutra / pharma, ingredients"",PTEs en pols per nutra i sport,,2026/04 Lasenor";;;
455,LSN,Nutrition et Santé (fr),,https://www.nutritionetsante.com/,,PARC ACTIVITES DE MARENTON; 07106; ANNONAY;" FRANCE,,,France,FR-0601,""45.24198158837559, 4.665287316556671"",""https://www.google.com/maps/search/?api=1&query=49.10087537834659,-1.0783243649663925"",""bakery, food, snacks"",""biscuit / coca, cereals"",""Gerblé, Céréal BIO, Gerlinéa"",2026/04 Lasenor";;;;
456,LSN,Onoré (grp),,https://onore.com/,,La Compagnie des Desserts; Rue des Romains 4;11200; Lezignan Corbieres;" FRANCE,Onore (fr),Onoré (grp),France,FR-0202,""43.63933884358136, 1.4290434698223793"",""https://www.google.com/maps/search/?api=1&query=44.88141059690801,-0.34798486553258323"",bakery,,,2026/04 Lasenor";;;
"457,LSN,Ouest Boulangère (fr),,https://www.laboulangere.com/,,""10 Rue Olivier de Serres, 85500 Les Herbiers, FRANCE"",,""norac foods (grp), La Boulangère (grp)"",France,FR-0701,""46.8606679415017, -1.0310696773162902"",""https://www.google.com/maps/search/?api=1&query=45.35494762509038,4.673230208222637"",bakery,,,2026/04 Lasenor";;;;;;;
458,LSN,Oxygène (fr),,https://www.lecithine.fr/fr/,,20 Rue du Maréchal Joffre;17450; Fouras;" FRANCE,""Oxygene (fr), Oxigène (fr), Oxigene (fr)"",,France,FR-0203,""45.990937741734506, -1.0866433121441645"",""https://www.google.com/maps/search/?api=1&query=45.447638123353734,4.767555649527714"",food,,,2026/04 Lasenor";;;;
"459,LSN,Padrós Cheese (cat),,https://padroscheese.com/es/,,""Carrer la Fusteria, 6"; 08551; Tona; Barcelona;" SPAIN"",Padros Cheese (cat),,Spain,,""41.85273642876054, 2.239053841858137"",""https://www.google.com/maps/search/?api=1&query=47.700962580719526,-2.664795642464769"",dairy,,,2026/04 Lasenor";;;
"460,LSN,Pain Concept (fr),,https://www.laboulangere.com/,,""Av. des Chênes, 85210 Sainte-Hermine, FRANCE"",,""norac foods (grp), La Boulangère (grp)"",France,FR-0701,""46.52497165466149, -1.0648326619113637"",""https://www.google.com/maps/search/?api=1&query=43.34000897060873,5.433073048702692"",bakery,,,2026/04 Lasenor";;;;;;;
"461,LSN,Panorient (fr),,https://www.laboulangere.com/,,""Panorient"; ZA Eiffel, 36 Rue Gustave Eiffel;77220; Gretz-Armainvilliers;" FRANCE"",,""norac foods (grp), La Boulangère (grp)"",France,FR-0802,""48.73637855000951, 2.730205400959517"",""https://www.google.com/maps/search/?api=1&query=48.70384727299084,6.259133577546352"",bakery,,,2026/04 Lasenor";;;
"462,LSN,Panzani Solutions (fr),,https://www.panzani-solutions.com/,,""10, Av. Louis Roche";92230; Gennevilliers;" FRANCE"",,,France,FR-0802,""48.92592714555779, 2.3272933025961735"",""https://www.google.com/maps/search/?api=1&query=43.38838115251162,-1.2717722820806208"",bakery,premixes,,2026/04 Lasenor";;;;
463,LSN,Pastor Macao (ma),,https://www.macao.ma/,,Rue Annasrine; Casablanca;20250;" MOROCCO,,,Morocco,,""33.56803213826338, -7.649344108065223"",""https://www.google.com/maps/search/?api=1&query=45.76114671670079,4.832166731998998"",""confectionary, xoco, beverage"",,,""2025/06 Lasenor";;;;
"contacte David Yañez""";;;;;;;
464,LSN,Paticeo - Carhaix (fr),,https://www.paticeo.com/,,Paticeo - Carhaix; Zoning Industriel Kervoasdoue;29270; Carhaix-Plouguer;" FRANCE,,Paticeo (grp),France,FR-0702,""48.28504034637037, -3.5445110145104315"",""https://www.google.com/maps/search/?api=1&query=48.299910237836166,-3.5560482523613075"",bakery,,,2026/04 Lasenor";;;
465,LSN,Paticeo - Derval (fr),,https://www.paticeo.com/,,Paticeo - Derval; Zone des Estuaires;44590; Derval;" FRANCE,,Paticeo (grp),France,FR-0702,""47.640067012525215, -1.655171402547073"",""https://www.google.com/maps/search/?api=1&query=48.88835331453549,2.3916730631379997"",bakery,,,2026/04 Lasenor";;;
466,LSN,Paticeo - Ker Cadélac (fr),,https://www.kercadelac.fr/,,Paticeo - Tourc'h; ZA du Restou;29140; Tourch;" FRANCE,""Ker Cadelac (fr), Paticeo - Tourc'h (fr)"",Paticeo (grp),France,FR-0702,""48.028891818993365, -3.82326579226756"",""https://www.google.com/maps/search/?api=1&query=49.30548426823501,-1.3621057221385844"",bakery,,,2026/04 Lasenor";;;
467,LSN,Paticeo - Loudéac (fr),,https://www.paticeo.com/,,Paticeo - Loudéac; 36 Rue du Bourgeon;22600; Loudéac;" FRANCE,,Paticeo (grp),France,FR-0702,""48.16062351936153, -2.7475527587528137"",""https://www.google.com/maps/search/?api=1&query=50.98860049932881,2.082981292200659"",bakery,,,2026/04 Lasenor";;;
468,LSN,Paticeo - Maison Colibri (fr),,https://www.maison-colibri.com/fr/,,Paticeo - Maison Colibri; 2 Route de Marennes;17800; Pons;" FRANCE,,Paticeo (grp),France,FR-0203,""45.62735581084161, -0.5370984472141449"",""https://www.google.com/maps/search/?api=1&query=50.665182722194174,3.056893553247278"",bakery,,,2026/04 Lasenor";;;
469,LSN,Paticeo - Saint-Tugdual (fr),,https://www.paticeo.com/,,Paticeo - Saint-Tugdual; Le Bourg;56540; Saint-Tugdual;" FRANCE,,Paticeo (grp),France,FR-0702,""48.10190343947667, -3.3359163799299765"",""https://www.google.com/maps/search/?api=1&query=47.6794293765442,-0.5045350065737931"",bakery,,,2026/04 Lasenor";;;
"470,LSN,Patis'Nord (fr),,http://www.puratos.fr/,,""7 Rte de Chamagne, 88130 Charmes, FRANCE"",PatisFrance - Puratos,Puratos (grp),France,FR-0903,""48.38638979759117, 6.2913775460482295"",""https://www.google.com/maps/search/?api=1&query=45.573610985385216,5.610208319821945"",bakery,,,2026/04 Lasenor";;;;;;;
471,LSN,Pâtisserie des Flandres (fr),,www.lagaufre.fr,,Pâtisserie des Flandres; Rue du Meunier 235;59193; Erquinghem Lys;" FRANCE,Patisserie des Flandres (fr),,France,FR-1002,""50.6719200181124, 2.8320826977123907"",""https://www.google.com/maps/search/?api=1&query=48.29019763291255,-0.9217793817678416"",bakery,crêpe / pancake,,2026/04 Lasenor";;;
"472,LSN,Pâtissnack (fr),,https://www.daunat.com/qui-sommes-nous/notre-entreprise,,""Patissnack, ZA de Bel air, 56130 Marzan, FRANCE"",""Patissnack, Daunat Marzan"",""norac foods (grp), Daunat (grp)"",France,FR-0702,""47.534142712098195, -2.3237868630944147"",""https://www.google.com/maps/search/?api=1&query=48.341778334312,-1.2995435961803814"",""bakery, xoco"",,,2026/04 Lasenor";;;;;;;
473,LSN,Peintures SOB (fr),,https://www.sob.fr/,,SOB Solutions; Rue Ambroise Croizat;46130; Biars-sur-Cère;" FRANCE,,,France,FR-0501,""44.93421498425627, 1.8607806747662212"",""https://www.google.com/maps/search/?api=1&query=48.29019763291255,-0.9217793817678416"",chemical,,,2026/04 Lasenor";;;
474,LSN,Pellorce & Jullien (fr),,https://pellorceetjullien.com/accueil/,,Pellorce & Jullien; 445 Avenue de la Rasclave;13821; La Penne-sur-Huveaune;" FRANCE,Pellorce et Jullien (fr),,France,FR-0301,""43.28284549950951, 5.528811928132214"",""https://www.google.com/maps/search/?api=1&query=45.45022343686932,4.41683688351554"",confectionary,""crema, dolç"",,2026/04 Lasenor";;;
"475,LSN,Penalva Alimentación (es),,https://www.nordwik.com/,,""Penalva Alimentación"; Ctra. de Alhama, 56;18194; Churriana de la Vega; Granada;" SPAIN"",Helados Nordwik (es),,Spain,,""37.14216801107277, -3.6372372766104637"",""https://www.google.com/maps/search/?api=1&query=44.86013100910028,5.182190001997242"",frozen desserts,,,2026/04 Lasenor";;
"476,LSN,Pharéos (fr),,http://www.phareos.fr/,,""13 Bd Nominoë, 35740 Pacé, FRANCE"",Phareos (fr),,France,FR-0703,""48.14322273338296, -1.7774105638141544"",""https://www.google.com/maps/search/?api=1&query=45.76966316716933,4.799549176177546"",""cosmetic, feed, nutra / pharma, food"",,,2026/04 Lasenor";;;;;;;
477,LSN,Pharma and Beauty Montélimar (fr),,http://www.p-b-group.com,,7 Chem. des Granges;26270; Saulce-sur-Rhône;" FRANCE,,,France,FR-0601,""44.688975176199534, 4.7933656402413956"",""https://www.google.com/maps/search/?api=1&query=43.90799516502734,4.896401518054706"",""nutra / pharma, cosmetic"",,,""2026/05 Lasenor";;;;
Pharma and Beauty Montélimar (fr) / Pharma and Beauty Montelimar (fr);;;;;;;
Laboratoires M. Richard;;;;;;;
"contacte Vitafoods 26""";;;;;;;
478,LSN,Pidy (fr),,http://www.pidy.com/,,Pidy; 32 Avenue de Menin;59250; Halluin;" FRANCE,,,France,FR-1002,""50.79083246515369, 3.1421684070745295"",""https://www.google.com/maps/search/?api=1&query=43.721736625121956,7.286436793610298"",bakery,,,2026/04 Lasenor";;;
479,LSN,Pidy Production (fr),,https://www.pidy.com/,,Pidy Production; 32 Av. de Menin;59250; Halluin;" FRANCE,,Biscuits Bouvard (grp),France,FR-1002,""50.78867969613924, 3.1424072203438693"",""https://www.google.com/maps/search/?api=1&query=44.24969197076441,4.6409524236031405"",""bakery, xoco"",,,2026/04 Lasenor";;;
480,LSN,Pierrot Gourmand (fr),,https://www.pierrot-gourmand.com/,,Pierrot Gourmand; Les Escures;19120; Altillac;" FRANCE,,,France,FR-0501,""44.962449505373726, 1.8556012406191398"",""https://www.google.com/maps/search/?api=1&query=45.89406568057341,6.123701689175776"",confectionary,dolç,,2026/04 Lasenor";;;
"481,LSN,Polaris (fr),,https://www.polaris.fr/,,""50 rue du Président Sadate, 29000 QUIMPER, FRANCE"",,Polaris (grp),France,FR-0702,""47.977302879688494, -4.096597019028634"",""https://www.google.com/maps/search/?api=1&query=46.997416368974456,3.19638615794516"",additives,,,2026/04 Lasenor";;;;;;;
"482,LSN,Polaris Briec (fr),,https://www.polaris.fr/,,""Z I N 2 des Pays Bas, 29510 Briec, FRANCE"",,Polaris (grp),France,FR-0702,""48.101181091064134, -4.025012000509911"",""https://www.google.com/maps/search/?api=1&query=47.28617772238228,-1.5202838614671532"",additives,,,2026/04 Lasenor";;;;;;;
483,LSN,Pole Sud (fr),,https://www.compagniedesdesserts.com/,,La Compagnie des Desserts; Rue des Romains 4;11200; Lezignan Corbieres;" FRANCE,Pole Sud (fr),,France,FR-0201,""43.18632383523306, 2.75284300276433"",""https://www.google.com/maps/search/?api=1&query=48.16838206453956,2.984374636711207"",""bakery, frozen desserts"",,,2026/04 Lasenor";;;
484,LSN,Pomone (fr),,https://www.pomone-sas.fr/fr/,,Pomone; Route de Champigne;49330; Les Hauts d'Anjou;" FRANCE,,,France,FR-0703,""47.67998675075599, -0.5604009466490155"",""https://www.google.com/maps/search/?api=1&query=48.83371357554342,2.325528962764706"",bakery,""postre, biscuit / coca"",,2026/04 Lasenor";;;
"485,LSN,Poulina Group Holding (tn),,http://www.poulinagroupholding.com/,,""Poulina Group Holding"; Bretelle Bassatine, Bou Mhel el-Bassatine;" TUNISIA"",,Poulina Group Holding,Tunisia,,""36.736276236316066, 10.29979414699378"",""https://www.google.com/maps/search/?api=1&query=48.86687060241103,2.2267298601929952"",""dairy, frozen desserts, confectionary, feed, snacks"",""margarina, gelats, confectionary, dairy"",""Jadida, Olà Gelati, ICE Vegas, Le Pâtissier, Yab, Shehrazad, SNA, My Pet’s, Nutrimix PGH"",2026/04 Lasenor";;;;;
"486,LSN,Premium Foods Solutions (fr),,https://www.premiumfoods.fr/,,""12 Av. Henri Fréville, 35200 Rennes, FRANCE"",,""norac foods (grp), Premium Foods Solutions (grp)"",France,FR-0703,""48.090731618136886, -1.675253016998432"",""https://www.google.com/maps/search/?api=1&query=43.51790624792059,1.542945982369938"",bakery,,,2026/04 Lasenor";;;;;;;
"487,LSN,Proal Additius (cat),,https://www.proaladitivos.com/,,""c. Tavertet, 10"; 08570; Torelló; Barcelona;" SPAIN"",,,Spain,,""42.04630449240426, 2.2743134744901683"",""https://www.google.com/maps/search/?api=1&query=43.51790624792059,1.542945982369938"",""food, additives"",,,2026/04 Lasenor";;;
488,LSN,Prochimag (ma),,https://www.prochimag.ma/,,Parc Industriel Ouled Salah lot n° 96 Bouskoura; Casablanca;" MOROCCO,,,Morocco,,""33.418832306383564, -7.644130933158625"",""https://www.google.com/maps/search/?api=1&query=48.884075584155745,2.2299014560150274"",chemical,pintures,,""2026/06 Lasenor";;;;;
"contacte David Yañez""";;;;;;;
489,LSN,Prospa (fr),,http://www.prospa.fr/,,Prospa; 48 Rue de Longpré;80890; Condé-Folie;" FRANCE,,,France,FR-1002,""50.01156164859505, 2.005494648419636"",""https://www.google.com/maps/search/?api=1&query=48.58859301101413,-3.8377488701231317"",chemical,,,2026/04 Lasenor";;;
490,LSN,PROVA - Flavocéan (fr),,https://www.prova.fr/,,PROVA; 16 Rte de Saint-Gildas;56370; Sarzeau;" FRANCE,,PROVA (fr),France,FR-0702,""47.517593732518066, -2.78949140771768"",""https://www.google.com/maps/search/?api=1&query=43.91086933214165,5.908285600948307"",additives,,,2026/04 Lasenor";;;
491,LSN,Prova (fr),,https://www.prova.fr/,,46 rue Colmet-Lépinay;93100; Montreuil;" FRANCE,,PROVA (fr),France,FR-0802,""48.854812871581565, 2.443662943028494"",""https://www.google.com/maps/search/?api=1&query=45.85249648352593,4.834379706434687"",additives,,,2026/04 Lasenor";;;;
492,LSN,Prova Ets (fr),,https://www.prova.fr/,,Rte de Boissy le Girard;45480; Autruy-sur-Juine;" FRANCE,,PROVA (fr),France,FR-0803,""48.27518274660349, 2.107188357028491"",""https://www.google.com/maps/search/?api=1&query=47.56763184782862,-1.025230198979637"",additives,,,2026/04 Lasenor";;;;
493,LSN,Provence Alpes (fr),,https://www.sauces-lab.com/,,66 Avenue de Provence;26270; Saulce-sur-Rhône;" FRANCE,,,France,FR-0601,""44.69095145023941, 4.796915234563689"",""https://www.google.com/maps/search/?api=1&query=48.99702177770496,2.2985219783314754"",food,,,2026/04 Lasenor";;;;
"494,LSN,Puratos (fr),,http://www.puratos.fr/,,""7 Rte de Chamagne, 88130 Charmes, FRANCE"",PatisFrance - Puratos,Puratos (grp),France,FR-0903,""48.38638979759117, 6.2913775460482295"",""https://www.google.com/maps/search/?api=1&query=43.989473623449925,4.890139997392111"",bakery,,,2026/04 Lasenor";;;;;;;
495,LSN,Rafah Chocolat (ma),,https://www.leechocolat.com/,,247 - Lotissement Lina Sidi Maârouf; Casablanca;" MOROCCO,,,Morocco,,""33.52026793695944, -7.6459781388714445"",""https://www.google.com/maps/search/?api=1&query=46.064486284142134,0.305722312861648"",xoco,,,""2026/06 Lasenor";;;;;
"contacte David Yañez""";;;;;;;
"496,LSN,Réauté Chocolat - Azé (fr),,https://reaute-chocolat.com/,,""Réauté Chocolat siège"; 1, Rue de la Roberderie; Azé;53200; Pays de la Loire;" FRANCE"",Reaute Chocolat (fr),Saveurs Délices (grp),France,FR-0703,""47.83525057507979, -0.6851926493602907"",""https://www.google.com/maps/search/?api=1&query=49.32205585991985,-1.093040236938416"",""salses, bakery"",,Réauté Chocolat,2026/04 Lasenor";;
497,LSN,Réauté Chocolat - Saint-Fort (fr),,https://reaute-chocolat.com/,,Réauté Chocolat; route D'Angers;53200; Château-Gontier-sur-Mayenne;" FRANCE,Reaute Chocolat (fr),Saveurs Délices (grp),France,FR-0703,""47.856233095358135, -0.7110624980527638"",""https://www.google.com/maps/search/?api=1&query=49.35420968289565,2.771383175778077"",""salses, bakery"",""dolç, biscuit / coca"",Réauté Chocolat,2026/04 Lasenor";;;
498,LSN,Régals de Bretagne (fr),,,,Régals de Bretagne; 7 Rue du Château;44210; Pornic;" FRANCE,""Regals de Bretagne (fr), CB Expansion (fr)"",,France,FR-0701,""47.10769685944439, -2.0848888675666624"",""https://www.google.com/maps/search/?api=1&query=43.39832012185471,-0.47252182886037547"",bakery,""biscuit / coca, bakery"",,2026/04 Lasenor";;;
"499,LSN,Regma (es),,https://regma.es/,,""Regma"; Bo. la Llosuca, s/n;39600; Revilla de Camargo; Cantabria;" SPAIN"",,,Spain,,""43.40917073251343, -3.8589256668225085"",""https://www.google.com/maps/search/?api=1&query=47.33905828790124,5.064310015240782"",frozen desserts,,,2026/04 Lasenor";;
500,LSN,Renzo Glacier (fr),,https://www.renzoglacier.fr/,,Renzo Glacier; 859 route d'Aix;73420; Viviers-du-Lac;" FRANCE,,,France,FR-0602,""45.65633572687118, 5.909514228195029"",""https://www.google.com/maps/search/?api=1&query=43.55767079157231,3.8455217619890942"",frozen desserts,ice-cream,,2026/04 Lasenor";;;
501,LSN,Rethink Foods Company (es),,https://pinkalbatross.com/es/,,C. de Azcona; Salamanca;28028; Madrid;" SPAIN,Pink Albatros (es),,Spain,,""40.43564601933826, -3.6670463463614165"",""https://www.google.com/maps/search/?api=1&query=48.8673369421619,2.3521906184252006"",frozen desserts,ice-cream,Pink Albatross,2026/04 Lasenor";;;
502,LSN,Révillon Chocolatier (fr),,https://www.revillonchocolatier.fr/,,Révillon Chocolatier; 180 Rue Clément Ader;42153; Riorges;" FRANCE,Revillon Chocolatier (fr),,France,FR-0602,""46.0598850544787, 4.043844706637529"",""https://www.google.com/maps/search/?api=1&query=44.166157564537045,4.860168187073874"",salses,,,2026/04 Lasenor";;;
503,LSN,Robertet Health & Beauty (fr),,https://www.robertet.com/,,Robertet; 37 Av. Sidi Brahim; 06130; Grasse;" FRANCE,,,France,FR-0301,""43.651323003680915, 6.926949011468692"",""https://www.google.com/maps/search/?api=1&query=46.518594189006016,-1.7802926171887894"",ingredients,,,""2026/05 Lasenor";;;
"División de salud y belleza del Grupo Robertet, líder mundial en materias primas naturales aromáticas. Extractos botánicos, aceites esenciales.""";;;;;;;
"504,LSN,Rocambolesc (cat),,https://rocambolesc.com/ca/,,""Rocambolesc"; Carrer de la Riera Gàrrap, 37;17007; Girona;" SPAIN"",Jorofon (cat),,Spain,,""41.99246040494215, 2.7991366434539517"",""https://www.google.com/maps/search/?api=1&query=44.2282586757179,2.041456342713066"",frozen desserts,""ice-cream, xoco, dolç"",,2026/04 Lasenor";;;
"505,LSN,Sa Fàbrica de Gelats (es),,https://www.gelatsoller.com/,,""Sa Fàbrica de Gelats"; Avenida Cristobal Colom, 17; 07100; Sóller; Illes Balears;" SPAIN"",Gelat Sóller (es)"; Gelat Soller (es);" Sa Fabrica de Gelats (es),,Spain,,""39.767283854611655, 2.7140692281914562"",""https://www.google.com/maps/search/?api=1&query=50.675855388054565,3.079582395039605"",frozen desserts,ice-cream,,2026/04 Lasenor"
506,LSN,Sacré Willy (fr),,www.sacre-willy.com,,Sacré Willy; 5 Rue Charles Nungesser; 05130; Tallard;" FRANCE,,,France,FR-0303,""44.460624299172316, 6.034760398491178"",""https://www.google.com/maps/search/?api=1&query=50.675855388054565,3.079582395039605"",dairy,""postre, dairy"",,2026/04 Lasenor";;;
507,LSN,Saïda Group (tn),,https://www.saida-group.com/,,Avenue Habib Bourguiba 2033; Mégrine;" TUNISIA,""Société Tunisienne de Chocolaterie et de Confiserie (tn), ICT - Industrie des Confiseries de Tunisie (fr)"",Groupe SAÏDA (tn),Tunisia,,""36.77031679990227, 10.228526681500309"",""https://www.google.com/maps/search/?api=1&query=43.46399470809702,0.039428178903078925"",""confectionary, xoco, dairy, bakery"",,""Maestro, Saïd, Nouty"",""2026/04 Lasenor";;;;;
"Sotuchoc (tn) / Sotubi (tn) / Industries Alimentaires de Tunisie (tn) / IAT (tn) / Saida Group (tn) / Saïda Group (tn)""";;;;;;;
508,LSN,Saint Michel (fr),,https://stmichel.fr/,,2 Boulevard de l'Industrie;41700; Le Controis-en-Sologne;" FRANCE,""L’Atelier Saint Michel (fr), St. Michel (fr), St. Michel Biscuits (fr), Sant Michel (fr)"",Andros (grp),France,FR-0803,""47.42772297654992, 1.4362227522784674"",""https://www.google.com/maps/search/?api=1&query=43.20279830180208,-0.6232378568294341"",bakery,biscuit / coca,St. Michel,""2026/02 Saint Michel (fr)";;;;
" Saint Michel Biscuits (fr), L’Atelier Saint Michel (fr), St. Michel (fr), St. Michel Biscuits (fr), Sant Michel (fr)""";;;;;;;
509,LSN,Saint Michel Biscuits (fr),,https://stmichel.fr/,,2 Boulevard de l'Industrie;41700; Le Controis-en-Sologne;" FRANCE,""L’Atelier Saint Michel (fr), St. Michel (fr), St. Michel Biscuits (fr), Sant Michel (fr)"",Andros (grp),France,FR-0803,""47.42772297654992, 1.4362227522784674"",""https://www.google.com/maps/search/?api=1&query=48.44777972645752,-2.6409190069010573"",bakery,biscuit / coca,St. Michel,""2026/02 Saint Michel (fr)";;;;
" Saint Michel Biscuits (fr), L’Atelier Saint Michel (fr), St. Michel (fr), St. Michel Biscuits (fr), Sant Michel (fr)""";;;;;;;
"510,LSN,SAPP Gourmet (fr),,https://www.maxims-shop.com/fr/,,""Maxim's de Paris";" 14 Rue Albert Einstein, 76150 Saint-Jean-du-Cardonnay, FRANCE"",""Maxim's de Paris, Sacré Marcel"",,France,FR-1003,""49.48715246500546, 1.014254680255395"",""https://www.google.com/maps/search/?api=1&query=43.76444495331195,2.0270981557329653"",""salses, bakery"",""dolç, biscuit / coca, crêpe / pancake, crema"",""Maxim's de Paris, Sacré Marcel"",2026/04 Lasenor";;;;;;
"511,LSN,Sarah Consom (dz),,https://sarahconsom.dz/,,""Sarahconsom"; 40, Bd Houha Med;31000; Oran; ALGÉRIE;;;
",,,Algeria,,35.66503574112004, -0.6607584355115521"",""https://www.google.com/maps/search/?api=1&query=45.730764486535215,4.77541304877392"",additives,,,2026/04 Lasenor";;;;;;;
512,LSN,Saric (fr),,http://www.saric.fr/,,Route de Lavaur 1076;81301; GRAULHET;" FRANCE,Société d'Analyses et de Recherches pour l'Industrie du Cuir,,France,FR-0202,""43.78466159498347, 2.056608539332121"",""https://www.google.com/maps/search/?api=1&query=44.688975176199534,4.7933656402413956"",chemical,,,2026/04 Lasenor";;;;
513,LSN,SASU LDC Sable (fr),,https://www.ldc.fr/,,ZI ST LAURENT B.P 88;72302; Sablé-sur-Sarthe;" FRANCE,Lambert Dodard Chancereut Int’l,,France,FR-0703,""47.82815844891163, -0.31142252689886674"",""https://www.google.com/maps/search/?api=1&query=50.191107275203294,3.1972642422712316"",""food, bakery"",,,2026/04 Lasenor";;;;
514,LSN,Sauces & Créations (fr),,https://sauces-creations.fr/fr,,919 Av. des Deux Vallées;59554; Raillencourt-Sainte-Olle;" FRANCE,,,France,FR-1002,""50.191107275203294, 3.1972642422712316"",""https://www.google.com/maps/search/?api=1&query=48.874371896221156,2.3142889214896427"",salses,,,2026/04 Lasenor";;;;
"515,LSN,Saveurs de Normandie (fr),,https://www.saveurs-de-normandie.fr/,,""Saveurs de Normandie"; Le Pentacle, 5 Av. de Tsukuba;14200; Hérouville-Saint-Clair;" FRANCE"",,,France,FR-0703,""49.21496725093667, -0.35285449533399876"",""https://www.google.com/maps/search/?api=1&query=48.642952334494126,-2.013611977640662"",bakery,""biscuit / coca, xoco"",,2026/04 Lasenor";;;
"516,LSN,Saveurs Délices (grp),,https://saveursetdelices.com/,,""Réauté Chocolat siège"; 1, Rue de la Roberderie; Azé;53200; Pays de la Loire;" FRANCE"",""Réauté Chocolat (fr), Reaute Chocolat (fr)"",Saveurs Délices (grp),France,FR-0703,""47.83525057507979, -0.6851926493602907"",""https://www.google.com/maps/search/?api=1&query=43.59031930436551,2.229654775987375"",salses,,Le Monde du Macaron,2026/04 Lasenor";;
"517,LSN,Savoa (fr),,https://boutique.savoa.fr/,,""Savoa"; ZA du Vernay, 738 chemin des Vernays;74290; Alex;" FRANCE"",,,France,FR-0602,""45.89449801375382, 6.231906336559319"",""https://www.google.com/maps/search/?api=1&query=46.96299465561677,-0.991384150783435"",bakery,""líquid, biscuit / coca"",,2026/04 Lasenor";;;
"518,LSN,Seah International (fr),,http://www.seah.net/,,""SEAH International, ZI de la Trésorerie";62126; Wimille;" FRANCE"",,,France,FR-1001,""50.77088710529404, 1.6353914210673934"",""https://www.google.com/maps/search/?api=1&query=44.037046788217545,5.0407057000004265"",additives,,,2026/04 Lasenor";;;;
"519,LSN,Selfmatic Iberica (es),,https://www.heladeriaricci.com,,""Selfmatic Iberica"; Av. Esparteros, 14;28918; La Fortuna; Madrid;" SPAIN"",,,Spain,,""40.348443136993794, -3.802322497543223"",""https://www.google.com/maps/search/?api=1&query=48.86338726499627,2.3647883861338044"",frozen desserts,ice-cream,,2026/04 Lasenor";;
520,LSN,SENFAS (fr),,https://www.senfas.com/,,Senfas (fr); Avenue Emile Antoine 18;30340; Méjannes-lès-Alès;" FRANCE,""The French Foodie (fr), Société Européenne de Négoce et de Fabrication d’Alimentation Saine"",,France,FR-0301,""44.12017557653485, 4.249994790851614"",""https://www.google.com/maps/search/?api=1&query=35.66503574112004,-0.6607584355115521"",food,,,2026/04 Lasenor";;;
"521,LSN,Seppic Castres (fr),,http://www.seppic.com,,""127, chemin de la Poudrerie";81105; Castres;" FRANCE"",,,France,FR-0202,""43.59031930436551, 2.229654775987375"",""https://www.google.com/maps/search/?api=1&query=43.34567077217114,-0.38151303547721965"",""ingredients, nutra / pharma, cosmetic, feed"",,,2026/04 Lasenor";;;;
"522,LSN,Seppic Lons (fr),,http://www.seppic.com,,""1, avenue Normandie Niemen";64140; Lons;" FRANCE"",,,France,FR-0103,""43.34567077217114, -0.38151303547721965"",""https://www.google.com/maps/search/?api=1&query=48.709742473004134,-3.1407773255458906"",""ingredients, nutra / pharma, cosmetic, feed"",,,2026/04 Lasenor";;;;
"523,LSN,Seppic Pontrieux (fr),,http://www.seppic.com,,""Zone Industrielle, B.P. 72";22260; Pontrieux;" FRANCE"",,,France,FR-0702,""48.709742473004134, -3.1407773255458906"",""https://www.google.com/maps/search/?api=1&query=40.43564601933826,-3.6670463463614165"",""ingredients, nutra / pharma, cosmetic, feed"",,,2026/04 Lasenor";;;;
524,LSN,Sethness-Roquette (fr),,http://www.sethness-roquette.com/,,Sethness-Roquette; Rte d'Estaires;59660; Merville;" FRANCE,,,France,FR-1002,""50.642780568714976, 2.6751256444029736"",""https://www.google.com/maps/search/?api=1&query=39.58285648387809,-0.3871370187780706"",additives,,,2026/04 Lasenor";;;
525,LSN,SFAF World (fr),,,,7 Av. Percier;75008; Paris;" FRANCE,,,France,FR-0801,""48.874371896221156, 2.3142889214896427"",""https://www.google.com/maps/search/?api=1&query=49.216010876171346,1.1766614133935125"",additives,,,2026/04 Lasenor";;;;
526,LSN,SIA Agro (fr),,https://www.sia-agro.fr/,,Pl. des Anciens Combattants d'Indochine;27400; Louviers;" FRANCE,,,France,FR-1003,""49.216010876171346, 1.1766614133935125"",""https://www.google.com/maps/search/?api=1&query=50.297163563055875,2.79925837770616"",enginy / SVCs,enginyeria de plantes FOOD,,2026/04 Lasenor";;;;
"527,LSN,Siac-Desy (fr),,http://siacdesy.fr/,,""Siac-Desy, 28 RUE DE LAVY"; 01570; MANZIAT;" FRANCE"",,,France,FR-0603,""46.354259644421056, 4.90362180049068"",""https://www.google.com/maps/search/?api=1&query=36.5915602012804,2.9892338956005693"",food,,,2026/04 Lasenor";;;;
528,LSN,SIAS Alsace (fr),,https://sias.fr/en/home/,,SIAS Alsace; 12 Rue de la Mazière;67130; Wisches;" FRANCE,,,France,FR-0901,""48.503555395276194, 7.262018341717542"",""https://www.google.com/maps/search/?api=1&query=38.542905777333445,-0.5060782827312863"",food,menjar preparat,,2026/04 Lasenor";;;
529,LSN,Sill (grp),,http://www.sill-entreprises.com/,,Sill; Le Raden;29860; Plouvien;" FRANCE,Sill Enterprises (fr),Sill (grp),France,FR-0702,""48.54067659641127, -4.490319207218442"",""https://www.google.com/maps/search/?api=1&query=37.142150907362485,-3.637301650564905"",dairy,,,2026/04 Lasenor";;;
530,LSN,SIO - Société Industrielle des Oléagineux (fr),,http://www.admsio.com/,,SIO; 16 Rue du Général de Gaulle;62223; Saint-Laurent-Blangy;" FRANCE,Societe Industrielle des Oleagineux (fr),ADM (grp),France,FR-1002,""50.297163563055875, 2.79925837770616"",""https://www.google.com/maps/search/?api=1&query=41.309861727301154,2.02365469183893"",additives,,,2026/04 Lasenor";;;
"531,LSN,Siprol - Société Industrielle de Produits Laitiers (ma),,,,""19, rue Abou Marouane"; Abdelmalek;20360; Casablanca;" MOROCCO"",,,Morocco,,""33.5706807335838, -7.623733652688219"",""https://www.google.com/maps/search/?api=1&query=39.1436787833508,-0.4261220517571971"",dairy,,,""2025/06 Lasenor";;;
"contacte David Yañez""";;;;;;;
"532,LSN,Skretting (fr),,www.skretting.fr,,""24, Le Pont de Pierre"; 02140; Fontaine les Vervins;" FRANCE"",,Nutreco (fr),France,FR-1003,""49.833064384239, 3.8889246265297115"",""https://www.google.com/maps/search/?api=1&query=28.102522055423975,-15.43635716894568"",feed,,,2026/04 Lasenor";;;;
"533,LSN,SN Roxlor (fr),,https://www.roxlorgroup.com/,,""37 Av. du Mistral, 13600 La Ciotat, FRANCE"",Kerat'Innov,,France,FR-0301,""43.208153699880526, 5.599331656186729"",""https://www.google.com/maps/search/?api=1&query=48.820382139862986,2.377338562714192"",nutra / pharma,,,2026/04 Lasenor";;;;;;;
"534,LSN,Soc. Ind. de Saint Florent Ets Produ (fr),,http://www.lactalis.com/,,""1 Pont de Vallée, 49410 Mauges-sur-Loire, FRANCE"",,Groupe L'Oréal (grp),France,FR-0701,""47.3607038470226, -1.0064441426771722"",""https://www.google.com/maps/search/?api=1&query=30.447945660134586,-9.654481450992826"",dairy,,,2026/04 Lasenor";;;;;;;
"535,LSN,Société Fromagère de Rodez (fr),,https://www.lactalis.com/,,""120 Rue de la Prade, 12850 Onet-le-Château, FRANCE"",""Societe Fromagere de Rodez (fr), STE Laitière de Rodez (fr), STE Laitiere de Rodez (fr),"",Groupe Lactalis (grp),France,FR-0202,""44.36958705107315, 2.595360571462126"",""https://www.google.com/maps/search/?api=1&query=33.59571075117321,-7.596160600210302"",dairy,,,2026/04 Lasenor";;;;;;;
536,LSN,Société Industrielle de Bondues - CEMA (fr),,,,CEMA; 64 Rue des Ravennes;59910; Bondues;" FRANCE,SIB,Groupe L'Oréal (grp),France,FR-1002,""50.71361047692103, 3.1317282476547668"",""https://www.google.com/maps/search/?api=1&query=43.18632383523306,2.75284300276433"",""dairy, additives"",,,2026/04 Lasenor";;;
"537,LSN,Société Laitière de Vitré (fr),,http://www.lactel.fr/,,""4R4H+QP, 35500 Vitré, FRANCE"",Societe Laitiere de Vitre (fr),Lactel (grp),France,FR-0703,""48.10704254118244, -1.1706691870325625"",""https://www.google.com/maps/search/?api=1&query=36.75592804146215,3.4825033696284997"",dairy,,,2026/04 Lasenor";;;;;;;
"538,LSN,Socobo (tn),,www.papillon.com.tn,,""9, Rue du Métal — Zone Industrielle Charguia II";2035; Ariana;" TUNISIA"",""Société Confiserie des Aghlabites (tn), SOBOCO (tn), Société des Bolissons et Confiseries des Aghlabites (tn)"",Groupe Khalfallah (tn),Tunisia,,""36.859106474965266, 10.207045333854749"",""https://www.google.com/maps/search/?api=1&query=33.8919470785737,-6.97082428872349"",confectionary,""caramelos, halva"",Papillon,2026/05 Lasenor";;;;
539,LSN,Sofadex Puratos (ma),,https://www.sofadex-puratos.ma/fr,,Avenue Hassan II Settat; Casablanca;" MOROCCO,,,Morocco,,""33.55064697974609, -7.635076357932698"",""https://www.google.com/maps/search/?api=1&query=33.431082121629764,-7.81648713093853"",""bakery, xoco, additives"",,,""2026/06 Lasenor";;;;;
"contacte David Yañez""";;;;;;;
"540,LSN,Somadir (ma),,http://www.somadir.com,,""12, boulevard Oukat Badis"; Casablanca;20100;" MOROCCO"",,,Morocco,,""33.601887080738265, -7.567205041590436"",""https://www.google.com/maps/search/?api=1&query=33.4049269901078,-7.542910216983268"",bakery,premixes,,2026/04 Lasenor";;;;
"541,LSN,Somafaco (ma),,https://somafaco.com/,,""km 10,5, route d el jadida"; Casablanca;20230;" MOROCCO"",,,Morocco,,""33.53179601230553, -7.67173490670659"",""https://www.google.com/maps/search/?api=1&query=33.51027750252043,-7.660667420890989"",""bakery, xoco"",premixes bakery i pastisseria,""Idéal, Damti, Chocao, La Chaine, Javana, Mayfine"",""2026/06 Lasenor";;;;
"contacte David Yañez""";;;;;;;
542,LSN,Somapro (fr),,https://www.somapro.fr/,,Somapro; 9 Rue du Val Clair;51100; Reims;" FRANCE,,,France,FR-0803,""49.226014511872236, 4.102338729937612"",""https://www.google.com/maps/search/?api=1&query=33.60829011699464,-7.426297546597556"",""bakery, dairy, frozen desserts"",,""Dédicaces Culinaires, Avec ceci, SOMABIO"",2026/04 Lasenor";;;
543,LSN,Soreda Diet (fr),,https://biorevola.com/,,2 Impasse des Crêts;74960; Annecy;" FRANCE,Bio revola (fr),,France,FR-0602,""45.90129780991557, 6.102399396519415"",""https://www.google.com/maps/search/?api=1&query=33.65989427331686,-7.432630209947658"",bakery,biscuit / coca,""biorevola, Glutabye"",2026/04 Lasenor";;;;
544,LSN,Sotubi (tn),,https://www.saida-group.com/,,Avenue Habib Bourguiba 2033; Mégrine;" TUNISIA,""Société Tunisienne de Biscuiterie (tn), Biscuiterie Brun (tn)"",Groupe SAÏDA (tn),Tunisia,,""36.771674807899686, 10.226423318408893"",""https://www.google.com/maps/search/?api=1&query=33.59720895356235,-7.505495664422408"",bakery,""galletas secas y rellenas, galletas barquillos (gaufrettes), minicakes"",""Saïda, LU, Prince"",2026/05 Lasenor";;;;;
545,LSN,Sotubi (tn),,https://www.saida-group.com/,,Avenue Habib Bourguiba 2033; Mégrine;" TUNISIA,""Société Tunisienne de Chocolaterie et de Confiserie (tn), ICT - Industrie des Confiseries de Tunisie (fr)"",Groupe SAÏDA (tn),Tunisia,,""36.77031679990227, 10.228526681500309"",""https://www.google.com/maps/search/?api=1&query=33.59720895356235,-7.505495664422408"",""confectionary, xoco, dairy, bakery"",,""Maestro, Saïd, Nouty"",""2026/04 Lasenor";;;;;
"Sotuchoc (tn) / Sotubi (tn) / Industries Alimentaires de Tunisie (tn) / IAT (tn) / Saida Group (tn) / Saïda Group (tn)""";;;;;;;
546,LSN,Sotuchoc (tn),,https://www.saida-group.com/,,Avenue Habib Bourguiba 2033; Mégrine;" TUNISIA,""Société Tunisienne de Chocolaterie et de Confiserie (tn), ICT - Industrie des Confiseries de Tunisie (fr)"",Groupe SAÏDA (tn),Tunisia,,""36.77031679990227, 10.228526681500309"",""https://www.google.com/maps/search/?api=1&query=33.4338992886807,-7.825267151424521"",""confectionary, xoco"",,""Maestro, Saïd, Nouty"",2026/04 Lasenor";;;;;
547,LSN,Sotuia (tn),,www.sotuia.com.tn,,Zone Industrielle d'Utique;7060; Bizerte;" TUNISIA,Société Tunisienne d'Industrie Alimentaire (tn),,Tunisia,,""37.06894673352195, 10.001564718606268"",""https://www.google.com/maps/search/?api=1&query=33.25531271369174,-7.583890035491219"",salses,""crema tipus Nutella, barretes xoco"",Artistto,2026/05 Lasenor";;;;
"548,LSN,SPF - Symrise Pet Food - Elven (fr),,https://petfood.symrise.com/,,""ZA du Gohelis, 56250 Elven, FRANCE"",,SPF - Symrise Pet Food (grp),France,FR-0702,""47.717400893599084, -2.5789435572402435"",""https://www.google.com/maps/search/?api=1&query=34.70317059986623,-1.894209424143801"",feed,,,2026/04 Lasenor";;;;;;;
549,LSN,SPF - Symrise Pet Food - Languidic (fr),,https://petfood.symrise.com/,,SPF; Moulin de Baudry;56440; Languidic;" FRANCE,,SPF - Symrise Pet Food (grp),France,FR-0702,""47.86846018924701, -3.076088762506918"",""https://www.google.com/maps/search/?api=1&query=33.48445006895841,-7.682814729110164"",feed,,,2026/04 Lasenor";;;
"550,LSN,Sprim Fruits (cat),,https://sprimfruits.com/,,""Beautiful Fruit"; Carrer de la Feixa Llarga, 54; 08907; L'Hospitalet de Llobregat; Barcelona;" SPAIN"",""Beautiful Fruit (cat), BeautifulFruits (cat), BiFruits (cat)"",,Spain,,""41.348674917105164, 2.100429426226855"",""https://www.google.com/maps/search/?api=1&query=33.52798419655615,-7.68025803948569"",frozen desserts,ice-cream,,2026/04 Lasenor";;
"551,LSN,Stéarinerie Dubois (fr),,https://www.stearinerie-dubois.com/,,""1 Rte de Creuse, 36300 Ciron, FRANCE"",Stearinerie Dubois Fils (fr),,France,FR-0402,""46.66534207870917, 1.2892711730455968"",""https://www.google.com/maps/search/?api=1&query=33.44401757942933,-7.646394236049601"",additives,,,2026/04 Lasenor";;;;;;;
"552,LSN,Stick Art (cat),,https://stickart.es/,,""Stick Art"; Dinamarca, 38; 08303; Mataró; Barcelona;" SPAIN"",,,Spain,,""41.54595015311623, 2.429987793129204"",""https://www.google.com/maps/search/?api=1&query=49.305212752908,-1.2619248810538262"",frozen desserts,ice-cream,,2026/04 Lasenor";;
"553,LSN,Stockmeier (fr),,https://www.stockmeier.fr/,,""73 Rue de Pied de Fond, 79000 Niort, FRANCE"",,,France,FR-0701,""46.31464445992524, -0.5006353860275194"",""https://www.google.com/maps/search/?api=1&query=45.74477654435825,4.230198582551666"",""chemical, additives"",,,2026/04 Lasenor";;;;;;;
"554,LSN,Sud & Sol (fr),,https://sud-sol.fr/,,""Chem. du Saylat, 47310 Estillac, FRANCE"",,Premium Foods Solutions (grp),France,FR-0202,""44.17090106734057, 0.5916654502909751"",""https://www.google.com/maps/search/?api=1&query=44.17090106734057,0.5916654502909751"",food,,,2026/04 Lasenor";;;;;;;
"555,LSN,Techna France Nutrition (fr),,www.groupe-techna.com,,""Techna France Nutrition"; 41, route de St-Etienne-de-Montluc;44220; Couëron;" FRANCE"",,,France,FR-0701,""47.24877308413928, -1.7017685734308605"",""https://www.google.com/maps/search/?api=1&query=41.54595015311623,2.429987793129204"",feed,,,2026/04 Lasenor";;;
556,LSN,Technipat (fr),,http://www.biscuits-bouvard.com/,,Technipat; 4 Entre-les-Deux-Chemins; 08300; Rethel;" FRANCE,,Biscuits Bouvard (grp),France,FR-1003,""49.50381841916869, 4.388905663189757"",""https://www.google.com/maps/search/?api=1&query=47.116058012925464,2.7440240394853346"",""bakery, xoco"",,,2026/04 Lasenor";;;
"557,LSN,Terre adélice (fr),,https://www.terre-adelice.eu/,,""Terre Adélice"; Route de l'Eyrieux, 495A; Le Moulinon; 07190; Saint-Sauveur-de-Montagut;" FRANCE"",,,France,FR-0601,""44.817336670286046, 4.597589217325736"",""https://www.google.com/maps/search/?api=1&query=47.517593732518066,-2.78949140771768"",frozen desserts,,,2026/04 Lasenor";;
558,LSN,Terre Exotique (fr),,https://www.terreexotique.fr/,,Terre Exotique; 60 Quai de la Loire;37210; Rochecorbon;" FRANCE,,,France,FR-0403,""47.409604354385166, 0.7615328527504543"",""https://www.google.com/maps/search/?api=1&query=49.003782419177476,1.8997678626484897"",bakery,crema,,2026/04 Lasenor";;;
559,LSN,Tiliz (fr),,https://www.tiliz.com,,Tiliz; Rue Alain Gerbault 6;35000; Rennes;" FRANCE,,,France,FR-0703,""48.140872244998654, -1.6684177618953426"",""https://www.google.com/maps/search/?api=1&query=43.40917073251343,-3.8589256668225085"",frozen desserts,ice-cream,,2026/04 Lasenor";;;
"560,LSN,Timab Magnésium (fr),,https://www.timabmagnesium.com/,,""TIMAB Magnésium, 57 Bd Jules Verger, 35800 Dinard, FRANCE"",,,France,FR-0703,""48.6135575207431, -2.0683666398914116"",""https://www.google.com/maps/search/?api=1&query=48.54067659641127,-4.490319207218442"",additives,,,2026/04 Lasenor";;;;;;;
561,LSN,TIMAC AGRO (fr),,https://www.timacagro.fr/,,27 Av. Franklin Roosevelt;35400; Saint-Malo;" FRANCE,,,France,FR-0703,""48.642952334494126, -2.013611977640662"",""https://www.google.com/maps/search/?api=1&query=36.80020458666844,2.947270241271066"",feed,,,2026/04 Lasenor";;;;
562,LSN,Tipiak (fr),,https://www.tipiak.fr/,,Tipiak; 1 Rue du Chêne Lasse;44800; Saint-Herblain;" FRANCE,,,France,FR-0701,""47.22922969825402, -1.6400776547846017"",""https://www.google.com/maps/search/?api=1&query=42.04630449240426,2.2743134744901683"",bakery,""biscuit / coca, crêpe / pancake"",,2026/04 Lasenor";;;
"563,LSN,Top Chef (ma),,http://www.topchef.ma,,""Lots Kali, Mauritania"; Casablanca;20250;" MOROCCO"",,,Morocco,,""33.615766878776924, -7.512027845085885"",""https://www.google.com/maps/search/?api=1&query=48.353056242605376,-4.718495514911155"",""frozen desserts, bakery"",""nates, gelats, bases pizza"",,2026/04 Lasenor";;;;
564,LSN,Total Lubrifiants (fr),,https://www.proxi-totalenergies.fr,,Spazio - TotalEnergies; 562 Av. du Parc de l'Île;92000; Nanterre;" FRANCE,Spazio - TotalEnergies,,France,FR-0802,""48.89248810562126, 2.179167198224154"",""https://www.google.com/maps/search/?api=1&query=48.48163557856197,-4.243154118461916"",additives,,,2026/04 Lasenor";;;
"565,LSN,TRADES (bcn),,www.trades-sa.com,,""Tarragona, 106"; 08015; Barcelona;" SPAIN"",,Durania Group,Spain,,""41.37986229916384, 2.1441254482974488"",""https://www.google.com/maps/search/?api=1&query=49.15803453144512,1.9351833338966409"",partner,,,2026/05 Lasenor";;;;
"566,LSN,Tria Group (ma),,https://tria.ma/,,""Ancienne route de Rabat, km 11,5"; Aïn Sebaâ;20600; Casablanca;" MOROCCO"",,,Morocco,,""33.60917676542465, -7.4868497577053"",""https://www.google.com/maps/search/?api=1&query=48.38638979759117,6.2913775460482295"",bakery,premixes de farina per client final,,""2026/06 Lasenor";;;
"contacte David Yañez""";;;;;;;
"567,LSN,U7 (fr),,https://www.laboulangere.com/,,""38 Rue Charles Tellier, 85310 La Chaize-le-Vicomte, FRANCE"",,""norac foods (grp), La Boulangère (grp)"",France,FR-0701,""46.66764620466297, -1.3172698146910709"",""https://www.google.com/maps/search/?api=1&query=44.30055440698952,5.013627462589204"",bakery,,,2026/04 Lasenor";;;;;;;
568,LSN,Unidiet (fr),,https://en.unidiet.fr/,,Unidiet; 2 bis chemin d’Armancourt;60200; Compiègne;" FRANCE,,,France,FR-0803,""49.38976546087907, 2.7939465435517277"",""https://www.google.com/maps/search/?api=1&query=47.212525097901754,5.358323080659548"",nutra / pharma,,,2026/04 Lasenor";;;
"569,LSN,Univar Solutions (fr),,https://www.univarsolutions.fr/,,""Univar"; Cityscope, 3 Rue Franklin;93100; Montreuil;" FRANCE"",,,France,FR-0801,""48.86127323145223, 2.4427906713574705"",""https://www.google.com/maps/search/?api=1&query=41.37986229916384,2.1441254482974488"",additives,,,2026/04 Lasenor";;;
570,LSN,Valia (fr),,https://www.valia.fr/,,Valia SAS; Rue Lavoisier;56530; Quéven;" FRANCE,,Mireolian (grp),France,FR-0702,""47.78069892615835, -3.4149327994749465"",""https://www.google.com/maps/search/?api=1&query=41.41472309689798,2.16906055791915"",food,,,2026/04 Lasenor";;;
"571,LSN,Valrhona (fr),,http://valrhona.com/,,""315 All. des Bergerons, 26600 Mercurol-Veaunes, FRANCE"",,,France,FR-0601,""45.066297364106575, 4.870021812932503"",""https://www.google.com/maps/search/?api=1&query=47.61736774767465,-2.1127578794624275"",salses,,,2026/04 Lasenor";;;;;;;
"572,LSN,Villers - Symrise (fr),,https://www.symrise.com/,,""16 Rue de Bourgarain, 21130 Villers-les-Pots, FRANCE"",Diana Food,,France,FR-0603,""47.212525097901754, 5.358323080659548"",""https://www.google.com/maps/search/?api=1&query=41.553398169508185,1.881581565171664"",food,,,2026/04 Lasenor";;;;;;;
573,LSN,Villers (fr),,https://www.diana-food.com/,,16 RUE DU BOURGARAIN;21130; VILLERS;" FRANCE,diana food (fr),,France,FR-0603,""47.213020929738825, 5.356606205718815"",""https://www.google.com/maps/search/?api=1&query=48.86127323145223,2.4427906713574705"",""instant, food"",,,2026/04 Lasenor";;;;
574,LSN,VINPAI Cosmetics (fr),,https://vinpai.com/fr/,,146 rue Joseph Rouxel;56350; Rieux;" FRANCE,,,France,,""47.61736774767465, -2.1127578794624275"",""https://www.google.com/maps/search/?api=1&query=43.313718684495775,-8.272032929241174"",""additives, nutra / pharma, cosmetic"",,,""2026/07 Lasenor";;;;
"contacte via Ouest Solutions (fr)""";;;;;;;
"575,LSN,Vitagermine (fr),,http://www.vitagermine.com,,""Parc d'Activités du Courneau, Rue du Pré Meunier 60003";33612; Canéjan;" FRANCE"",,,France,FR-0203,""44.761395036356724, -0.6685422577457503"",""https://www.google.com/maps/search/?api=1&query=43.12065108803653,1.61993176638679"",""BIO, BF, instant, beverage"",""llet infantil, begudes bio, ingredients super-aliment (spirulina, chia, etc.)"",""babybio, VITABIO, MADIA BIO"",2026/04 Lasenor";;;;
576,LSN,VMM - Vinaigrerie Moutarderie du Maroc (ma),,https://vmm.ma/,,9 Rue Saint Emilion; Casablanca;20100;" MOROCCO,,,Morocco,,""33.58430296531726, -7.603975406709531"",""https://www.google.com/maps/search/?api=1&query=48.14322273338296,-1.7774105638141544"",salses,""salses, mayos i vinagretes"",,""2025/06 Lasenor";;;;
"contacte David Yañez""";;;;;;;
"577,LSN,wegelato (cat),,https://www.wegelato.com/,,""wegelato"; Carrer Lleó, 8;17600; Figueres; Girona;" SPAIN"",,,Spain,,""42.26831238480839, 2.9799055502207623"",""https://www.google.com/maps/search/?api=1&query=43.98352745068067,1.325982360296557"",frozen desserts,,,2026/04 Lasenor";;
"578,LSN,Weishardt Gélatines (fr),,http://www.weishardt.com,,""27 Rue Maurice Weishardt, 81300"; Graulhet;" france"",,,France,FR-0202,""43.76444495331195, 2.0270981557329653"",""https://www.google.com/maps/search/?api=1&query=48.63890422698574,-1.9812405741205614"",additives,gelatines,,2026/04 Lasenor";;;;;
579,LSN,Willcold (fr),,https://universdeschefs.fr/,,Willcold; 72 Rue l'Orée du Parc;77390; Verneuil-l'Étang;" FRANCE,L’Univers des Chefs (fr),,France,FR-0802,""48.643690031768664, 2.841916808678775"",""https://www.google.com/maps/search/?api=1&query=48.73637855000951,2.730205400959517"",food,,,2026/04 Lasenor";;;
580,LSN,Yumgo (fr),,https://www.yumgo.fr/,,Yumgo; 25 Rue Saint-Sébastien;75011; Paris;" FRANCE,TAMAGO FOOD (fr),,France,FR-0801,""48.86153063941876, 2.370315478668024"",""https://www.google.com/maps/search/?api=1&query=46.10516902962227,3.1481027750046175"",additives,,,2026/04 Lasenor";;;
"581,LSN,ZAHI GROUP (ma),,www.zahigroup.ma,https://linktr.ee/zahigrp?utm_source=linktree_profile_share,""ZI Bled Solb, Chellalat"; Mohammédia;" MOROCCO"",,ZAHI GROUP,Morocco,,""33.60829011699464, -7.426297546597556"",""https://www.google.com/maps/search/?api=1&query=45.01512726131743,4.867814209213697"",""frozen desserts, xoco"",gelats xoco,ZAHI glaces,""2026/06 Lasenor";;;;;
"visita 01/07/26""";;;;;;;
"582,LSN,Zumex (es),,http://www.zumexfoodengineering.com,,""Polígono Ind. III, Carrer Molí, 2";46113; Moncada; Valencia;" SPAIN"",,,Spain,,""39.58285648387809, -0.3871370187780706"",""https://www.google.com/maps/search/?api=1&query=49.19033078367863,6.910550393342175"",equipment,,,2026/04 Lasenor";;;
583,LSN,Zundel & Kohler (fr),,https://www.zundel-kohler.pro/en/,,4a Rue de l'Industrie;68700; Cernay;" FRANCE,,,France,FR-0901,""47.79759186821015, 7.198661116576682"",""https://www.google.com/maps/search/?api=1&query=42.04909360409591,3.115832112145046"",""chemical, additives, food"",,,2026/04 Lasenor";;;;
584,LSN,La Chocolaterie de Bourgogne (fr),,http://www.chocolateriedebourgogne.com/,,La Chocolaterie de Bourgogne; 4B Rue de Cracovie;21000; Dijon;" FRANCE,,,France,FR-0603,""47.33905828790124, 5.064310015240782"",https://maps.app.goo.gl/NiT5Y5g9wX4ZSrH99,xoco,,,2026/04 Lasenor";;;
"585,LSN,Gaches Chimie - Bègles (fr),,https://www.gaches.com/,,""Gaches Chimie, 7-8 Rue du Lugan, 33130 Bègles, FRANCE"",,Gaches Chimie (grp),France,FR-0203,""44.788249560044115, -0.5395691700710369"",""https://www.google.com/maps/search/?api=1&query=48.08549974261575,6.600164098567629"",""additives, partner"",,,2026/04 Lasenor";;;;;;;
586,LSN,Gaches Chimie - Escalquens (fr),,https://www.gaches.com/,,17 Av. de la Gare;31750; Escalquens;" FRANCE,,Gaches Chimie (grp),France,FR-0202,""43.51790624792059, 1.542945982369938"",""https://www.google.com/maps/search/?api=1&query=49.52468903929743,-1.5872960813519643"",""additives, cosmetic, partner"",,,2026/04 Lasenor";;;;
"587,LSN,Gaches Chimie - Mourenx (fr),,https://www.gaches.com/,,""Gaches Chimie Specialties, Rte d'Artix, 64150 Mourenx, FRANCE"",,Gaches Chimie (grp),France,FR-0103,""43.38339773727618, -0.5954816016375104"",""https://www.google.com/maps/search/?api=1&query=48.780149070561066,6.137526474912154"",""additives, cosmetic, partner"",,,2026/04 Lasenor";;;;;;;
"588,LSN,Gaches Chimie - Toulouse (fr),,https://www.gaches.com/,,""Gaches Chimie, 8 Rue Labouche, 31084 Toulouse, FRANCE"",,Gaches Chimie (grp),France,FR-0202,""43.5494068349991, 1.402793862999886"",""https://www.google.com/maps/search/?api=1&query=38.076449645103445,-1.2246508447813282"",""additives, cosmetic, partner"",,,2026/04 Lasenor";;;;;;;
"589,LSN,Gaches Chimie - Villenoy (fr),,https://www.gaches.com/,,""Gaches Chimie, 2, rue René Legueu - 77124 Villenoy, FRANCE"",,Gaches Chimie (grp),France,FR-0802,""48.948393263995115, 2.8570511068278472"",""https://www.google.com/maps/search/?api=1&query=46.86080988569517,-1.4602618586257792"",""additives, cosmetic, partner"",,,2026/04 Lasenor";;;;;;;
590,LSN,Gaches Chimie (fr),,https://www.gaches.com/,,17 Av. de la Gare;31750; Escalquens;" FRANCE,,Gaches Chimie (grp),France,FR-0202,""43.51790624792059, 1.542945982369938"",""https://www.google.com/maps/search/?api=1&query=48.8557901114565,2.382954289471634"",""additives, partner"",,,2026/04 Lasenor";;;;
"591,LSN,Gaches Chimie Specialites - Bègles (fr),,https://www.gaches.com/,,""Gaches Chimie Specialites, 7-8 Rue du Lugan, 33130 Bègles, FRANCE"",Gaches Chimie Specialites (fr),Gaches Chimie (grp),France,FR-0203,""44.78824194634835, -0.5396013571807831"",""https://www.google.com/maps/search/?api=1&query=38.53782443247932,-0.18181526356207184"",""additives, partner"",,,2026/04 Lasenor";;;;;;;
"592,LSN,Gaches Chimie Spécialités - Cernay (fr),,https://www.gaches.com/,,""Gaches Chimie Specialites, 4 Rue de l'Industrie, 68700 Cernay, FRANCE"",Gaches Chimie Specialites (fr),Gaches Chimie (grp),France,FR-0901,""47.798162555368286, 7.1979412994703535"",""https://www.google.com/maps/search/?api=1&query=50.46523361887575,2.9103685525986673"",""additives, partner"",,,2026/04 Lasenor";;;;;;;
"593,LSN,Gaches Chimie Specialites - Mauguio (fr),,https://www.gaches.com/,,""Gaches Chimie Specialites, 57 Rue de la Balaurie 34130 Mauguio, FRANCE"",Gaches Chimie Specialites (fr),Gaches Chimie (grp),France,FR-0301,""43.58889356440482, 3.943950761657788"",""https://www.google.com/maps/search/?api=1&query=48.65370308923631,4.933285926665023"",""additives, partner"",,,2026/04 Lasenor";;;;;;;
"594,LSN,Gaches Chimie Specialites - Toulouse (fr),,https://www.gaches.com/,,""Gaches Chimie Specialites, 8 Rue Labouche, 31084 Toulouse, FRANCE"",Gaches Chimie Specialites (fr),Gaches Chimie (grp),France,FR-0202,""43.54945349265407, 1.4027402205344626"",""https://www.google.com/maps/search/?api=1&query=48.52683855778922,4.186331136137411"",""additives, partner"",,,2026/04 Lasenor";;;;;;;
"595,LSN,Gaches Chimie Specialites - Villenoy (fr),,https://www.gaches.com/,,""Gaches Chimie Specialites, 2, rue René Legueu 77124 Villenoy, FRANCE"",Gaches Chimie Specialites (fr),Gaches Chimie (grp),France,FR-0802,""48.94836507829482, 2.857115478694373"",""https://www.google.com/maps/search/?api=1&query=46.515129976246115,4.691375325951947"",""additives, partner"",,,2026/04 Lasenor";;;;;;;
"596,LSN,Gaches Chimie Specialites - Vitrolles (fr),,https://www.gaches.com/,,""Gaches Chimie Specialites, 50 Avenue de Rome Z.I. Les Estroublans 13127 Vitrolles, FRANCE"",Gaches Chimie Specialites (fr),Gaches Chimie (grp),France,FR-0301,""43.44044800286127, 5.241511619753704"",""https://www.google.com/maps/search/?api=1&query=48.73650780922492,2.168352234966497"",""additives, partner"",,,2026/04 Lasenor";;;;;;;
"597,LSN,Gaches Chimie Spécialités (fr),,www.gaches.com,,""ZAC des Chesnes Ouest 73 Rue du Morellon";;;;;;;
" Gaches"",Gaches Chimie Specialites (fr),Gaches Chimie (grp),France,FR-0301,""43.44044800286127, 5.241511619753704"",""https://www.google.com/maps/search/?api=1&query=48.73650780922492,2.168352234966497"",""additives, partner"",,,2026/04 Lasenor";;;;;;;
598,LSN,Fromagerie Vaubernier (fr),,https://www.fromagerievaubernier.com/,,Vaubernier; Le Bois Belleray;53470; Martigne-sur-Mayenne;" FRANCE,,,France,FR-0703,""48.22113987228513, -0.6951777613589663"",https://maps.app.goo.gl/q6FEj8XgUE2eHS1BA,dairy,""process cheese, margarina"",,""2026/04 Lasenor";;;
"PLMA""";;;;;;;
"599,LSN,Laïta Gouesnou (fr),,https://www.laita.com/,,""4 Rue Henri Becquerel, ZI de Kergaradec";29850; Gouesnou; Brest;" FRANCE"",,LAÏTA,France,FR-0702,""48.43263946748658, -4.450481268879594"",""https://maps.app.goo.gl/4utGM3KFh6oaJzZn9";;;
",dairy, instant, BF"",""margarina, process cheese, yoghurt, fresh milk"",,""2026/04 Lasenor";;;;;;;
"Laïta Nutrition (fr) / Laita Nutrition (fr)""";;;;;;;
600,LSN,Fromagerie Milleret (fr),,http://www.fromagerie-milleret.com/,,Fromagerie Milleret; Route de Choye 10-12;70700; Charcenne;" FRANCE,,,France,FR-0603,""47.37387127826258, 5.778318955675303"",https://maps.app.goo.gl/shyzmpeEDdsFBxnVA,dairy,""Soft Cheeses, Cancoillotte, Comté, Emmental, Gruyère"",,2026/04 Lasenor";;;
601,LSN,Isigny Sainte-Mère (fr),,http://www.isigny-ste-mere.com/,,Isigny Sainte-Mère; Rue du Docteur Boutrois 2;14230; Isigny-sur-Mer;" FRANCE,,,France,FR-0703,""49.32205585991985, -1.093040236938416"",https://maps.app.goo.gl/j85nme9pwkkyMy2r5,""dairy, instant, BF"",""Infant Milk Powders, Skimmed milk powder, Whole Milk Powder"",,2026/04 Lasenor";;;
602,LSN,Maîtres Laitiers du Cotentin (fr),,http://www.maitres-laitiers.fr/,,Maîtres Laitiers du Cotentin; Route de Valognes 8;50260; Sottevast;" FRANCE,Maitres Laitiers du Cotentin (fr),,France,FR-0703,""49.52460246371912, -1.587521418649107"",https://maps.app.goo.gl/A7Jx3BTiuxMmPTBJ7,dairy,""butter, process cheese"",,2026/04 Lasenor";;;
603,LSN,Laïta Nutrition (fr),,https://www.laita-nutrition.com/,,Z.I Laïta Nutrition Traon Bihan;29260; Ploudaniel;" FRANCE,,LAÏTA,France,FR-0702,""48.54700169711064, -4.36111087949838"",https://maps.app.goo.gl/zao6ddUQ7erk435A6,""dairy, instant, BF"",""margarina, process cheese, yoghurt, fresh milk"",,""2026/04 Lasenor";;;;
"Laïta Nutrition (fr) / Laita Nutrition (fr)""";;;;;;;
604,LSN,fromacoeur (fr),,https://www.fromacoeur.com/,,Zone Industrielle Les Groyes;16700; Ruffec;" FRANCE,,,France,FR-0401,""46.037339321518004, 0.18950341297569345"",https://maps.app.goo.gl/rDVBGLnYzK6rnuGX9,dairy,process cheese,,2026/07 Lasenor";;;;
"605,LSN,materna (fr),,https://www.materna-france.fr/,,""2 Bis Chemin D'armancourt, Les Vergers";60200; Compiègne;" FRANCE"",,,France,FR-0803,""49.389770870332505, 2.7939547131944718"",https://maps.app.goo.gl/tv65W2HLHphb5JsK7,BF,""Baby Food, Liquid and Powder Infant Milk"",,2026/07 Lasenor";;;;
606,LSN,Régilait France Milk (fr),,https://www.regilait.com/,,102 Rd 906 Saint Belleroche;71009; Macon;" FRANCE,,,France,FR-0603,""46.385152263682976, 4.868720679786748"",https://maps.app.goo.gl/z3HFprqrViRtd1Y19,""dairy, BF"",""llet pols, llet condensada, llet BF"",,""2026/07 Lasenor";;;;
"Régilait France Milk (fr) / Regilait France Milk (fr)""";;;;;;;
607,LSN,Fromagerie Le Centurion (fr),,https://www.le-centurion.com/,,Za Les Portes Du Nord;62820; Libercourt;" FRANCE,,,France,FR-1002,""50.49276723512499, 2.9973589732398063"",https://maps.app.goo.gl/XVgiC7WK39qxgsK28,dairy,process cheese,,2026/07 Lasenor";;;;
608,LSN,Laiterie Collet (fr),,https://www.maisoncollet.fr/,,356 Rue De La Parenthèse - Za Chemin De La Grange Vignat;42370; Renaison;" FRANCE,,,France,FR-0602,""46.054379053072495, 3.94940030322779"",https://maps.app.goo.gl/8YheojMycWVikbWw5,dairy,iogurts,""Baïko, L'Atelier Dessy, Maison Collet"",2026/07 Lasenor";;;;
609,LSN,ChocoRica (ma),,,,Casablanca;20250;" MOROCCO,,,Morocco,,""33.59187438882266, -7.634437936926468"",""https://www.google.com/maps/search/?api=1&query=47.88370824999324,-2.838505878076465"",xoco,,,""2026/06 Lasenor";;;;;
"contacte David Yañez""";;;;;;;
610,LSN,Le Chocolatier (fr),,https://www.lechocolatier.fr/,,CDM Distribution; 952 Chemin de Piolenc;84850; Camaret-sur-Aigues;" FRANCE,CDM Distribution / Le Comptoir de Mathilde,,France,FR-0302,""44.166157564537045, 4.860168187073874"",""https://www.google.com/maps/search/?api=1&query=49.48715246500546,1.014254680255395"",xoco,""xoco, dolç, crema"",,2026/04 Lasenor";;;
"611,LSN,Green Spirit (es),,https://shop.greenspirit.bio/es/,,""Green Spirit"; Sta. Lucía, 10; 06001; Badajoz;" SPAIN"",,,Spain,,""38.880228251218014, -6.97342829662204"",""https://www.google.com/maps/search/?api=1&query=37.14216801107277,-3.6372372766104637"",frozen desserts,""líquid, ice-cream"",,2026/04 Lasenor";;;
612,LSN,Ecomab (ma),,https://ecomab.ma/,,Ecomab; Avenue de New york Z.I Sidi Bernoussi; Casablanca;" MOROCCO,,ecomab (ma),Morocco,,""33.62417671321714, -7.501189920866136"",""https://www.google.com/maps/search/?api=1&query=41.56273541228068,1.8276831021913993"",""additives, bakery, xoco, beverage"",,,""2026/06 Lasenor";;;;
"contacte David Yañez""";;;;;;;
613,LSN,Maison Jock (fr),,https://www.maison-jock.fr/,,Maison Jock; 190 Quai de Brazza;33100; Bordeaux;" FRANCE,,,France,FR-0203,""44.8692753176787, -0.5372911940598456"",""https://www.google.com/maps/search/?api=1&query=47.14521418713986,-0.7638558777754314"",bakery,,,2026/04 Lasenor";;;
"614,LSN,La Compagnie du Biscuit - Pessac (fr),,http://www.biscuits-bouvard.com/,,""69 Av. Jean Jaurès, 33600 Pessac, FRANCE"",""Le Chat Botté (fr), Le Chat Botte (fr)"",Biscuits Bouvard (grp),France,FR-0203,""44.814162791108025, -0.6229901780313561"",""https://www.google.com/maps/search/?api=1&query=45.88242380620377,4.876295115726101"",""bakery, xoco"",,,2026/04 Lasenor";;;;;;;
"615,LSN,Givaudan France Naturals (fr),,www.givaudan.com,,""250 Rue Pierre Bayle, 84140 Avignon, FRANCE"",,Givaudan (grp),France,FR-0302,""43.932187401192195, 4.878493320997576"",""https://www.google.com/maps/search/?api=1&query=41.85273642876054,2.239053841858137"",""nutra / pharma, additives, cosmetic"",,,2026/04 Lasenor";;;;;;;
616,LSN,Fromageries Bel (fr),,http://www.groupe-bel.com,,2 All. de Longchamp;92150; Suresnes;" FRANCE,,,France,FR-0802,""48.86687060241103, 2.2267298601929952"",""https://www.google.com/maps/search/?api=1&query=44.8692753176787,-0.5372911940598456"",dairy,,,2026/04 Lasenor";;;;
617,LSN,Rosita Chocolat (fr),,https://www.instagram.com/rosita_chocolat/,,Rosita Chocolat; 28 Rue Etienne Cosson;37170; Chambray-lès-Tours;" FRANCE,,,France,FR-0803,""47.38937046523843, 0.7159044023600811"",""https://www.google.com/maps/search/?api=1&query=48.58552505900042,7.7911984421509395"",salses,""dolç, xoco, crema"",,2026/04 Lasenor";;;
618,LSN,Biscuiterie Mordicus (fr),,https://www.biscuiterie-mordicus.fr/,,Mordicus;64121; Serres-Castet;" FRANCE,,,France,FR-0103,""43.36289663514209, -0.39138057174037544"",""https://www.google.com/maps/search/?api=1&query=50.71390397159887,3.169855545886372"",bakery,biscuit / coca,,2026/04 Lasenor";;;;
619,LSN,Fromital Agadir (ma),,https://fromital.com/,,ZI Tassila III;80650; Agadir;" MOROCCO,,Fromital (ma),Morocco,,""30.422965825687026, -9.593843313445953"",""https://www.google.com/maps/search/?api=1&query=50.27895245035198,3.9047095954182134"",dairy,cheese,,""2025/06 Lasenor";;;;
"contacte David Yañez""";;;;;;;
620,LSN,Terra Lacta - Surgères (fr),,https://www.terralacta.com/fr/,,2 Rue de la Glacière;17700; Surgeres;" FRANCE,,Terra Lacta (fr),France,FR-0203,""46.10916721906102, -0.7583713315775219"",https://maps.app.goo.gl/EmE56r6akZvJZj6s5,dairy,""llet, margarina, process cheese"",,2026/07 Lasenor";;;;
621,LSN,Terra Lacta - Laiterie Les Fayes (fr),,https://www.terralacta.com/fr/,,147 Avenue Raymond Poulidor;87280; Limoges;" FRANCE,,Terra Lacta (fr),France,FR-0401,""45.892076955792284, 1.2969460772865897"",https://maps.app.goo.gl/ey9SUzVLU3DguNgi8,dairy,""llet, margarina, process cheese"",,2026/07 Lasenor";;;;
,,,,,,,,,,,,,,,,;;;;;;;
,,,,,,,,,,,,,,,,;;;;;;;
,,,,,,,,,,,,,,,,;;;;;;;
,,,,,,,,,,,,,,,,;;;;;;;
,,,,,,,,,,,,,,,,;;;;;;;
,,,,,,,,,,,,,,,,;;;;;;;
,,,,,,,,,,,,,,,,;;;;;;;
,,,,,,,,,,,,,,,,;;;;;;;
,,,,,,,,,,,,,,,,;;;;;;;
,,,,,,,,,,,,,,,,;;;;;;;
,,,,,,,,,,,,,,,,;;;;;;;
,,,,,,,,,,,,,,,,;;;;;;;
,,,,,,,,,,,,,,,,;;;;;;;
,,,,,,,,,,,,,,,,;;;;;;;
,,,,,,,,,,,,,,,,;;;;;;;
,,,,,,,,,,,,,,,,;;;;;;;
,,,,,,,,,,,,,,,,;;;;;;;
,,,,,,,,,,,,,,,,;;;;;;;
,,,,,,,,,,,,,,,,;;;;;;;
,,,,,,,,,,,,,,,,;;;;;;;
,,,,,,,,,,,,,,,,;;;;;;;
,,,,,,,,,,,,,,,,;;;;;;;
,,,,,,,,,,,,,,,,;;;;;;;
,,,,,,,,,,,,,,,,;;;;;;;
,,,,,,,,,,,,,,,,;;;;;;;
,,,,,,,,,,,,,,,,;;;;;;;
,,,,,,,,,,,,,,,,;;;;;;;
,,,,,,,,,,,,,,,,;;;;;;;
,,,,,,,,,,,,,,,,;;;;;;;
,,,,,,,,,,,,,,,,;;;;;;;
,,,,,,,,,,,,,,,,;;;;;;;
,,,,,,,,,,,,,,,,;;;;;;;
,,,,,,,,,,,,,,,,;;;;;;;
,,,,,,,,,,,,,,,,;;;;;;;
,,,,,,,,,,,,,,,,;;;;;;;
,,,,,,,,,,,,,,,,;;;;;;;
,,,,,,,,,,,,,,,,;;;;;;;
,,,,,,,,,,,,,,,,;;;;;;;
,,,,,,,,,,,,,,,,;;;;;;;
,,,,,,,,,,,,,,,,;;;;;;;
,,,,,,,,,,,,,,,,;;;;;;;
,,,,,,,,,,,,,,,,;;;;;;;
,,,,,,,,,,,,,,,,;;;;;;;
,,,,,,,,,,,,,,,,;;;;;;;
,,,,,,,,,,,,,,,,;;;;;;;
,,,,,,,,,,,,,,,,;;;;;;;
,,,,,,,,,,,,,,,,;;;;;;;
,,,,,,,,,,,,,,,,;;;;;;;
,,,,,,,,,,,,,,,,;;;;;;;
,,,,,,,,,,,,,,,,;;;;;;;
,,,,,,,,,,,,,,,,;;;;;;;
,,,,,,,,,,,,,,,,;;;;;;;
,,,,,,,,,,,,,,,,;;;;;;;
,,,,,,,,,,,,,,,,;;;;;;;
,,,,,,,,,,,,,,,,;;;;;;;
,,,,,,,,,,,,,,,,;;;;;;;
,,,,,,,,,,,,,,,,;;;;;;;
,,,,,,,,,,,,,,,,;;;;;;;
,,,,,,,,,,,,,,,,;;;;;;;
,,,,,,,,,,,,,,,,;;;;;;;
,,,,,,,,,,,,,,,,;;;;;;;
,,,,,,,,,,,,,,,,;;;;;;;
,,,,,,,,,,,,,,,,;;;;;;;
,,,,,,,,,,,,,,,,;;;;;;;
,,,,,,,,,,,,,,,,;;;;;;;
,,,,,,,,,,,,,,,,;;;;;;;
,,,,,,,,,,,,,,,,;;;;;;;
,,,,,,,,,,,,,,,,;;;;;;;
,,,,,,,,,,,,,,,,;;;;;;;
,,,,,,,,,,,,,,,,;;;;;;;
,,,,,,,,,,,,,,,,;;;;;;;
,,,,,,,,,,,,,,,,;;;;;;;
,,,,,,,,,,,,,,,,;;;;;;;
,,,,,,,,,,,,,,,,;;;;;;;
,,,,,,,,,,,,,,,,;;;;;;;
,,,,,,,,,,,,,,,,;;;;;;;
,,,,,,,,,,,,,,,,;;;;;;;
,,,,,,,,,,,,,,,,;;;;;;;
,,,,,,,,,,,,,,,,;;;;;;;
,,,,,,,,,,,,,,,,;;;;;;;
,,,,,,,,,,,,,,,,;;;;;;;
,,,,,,,,,,,,,,,,;;;;;;;
,,,,,,,,,,,,,,,,;;;;;;;
,,,,,,,,,,,,,,,,;;;;;;;
,,,,,,,,,,,,,,,,;;;;;;;
,,,,,,,,,,,,,,,,;;;;;;;
,,,,,,,,,,,,,,,,;;;;;;;
,,,,,,,,,,,,,,,,;;;;;;;
,,,,,,,,,,,,,,,,;;;;;;;
,,,,,,,,,,,,,,,,;;;;;;;
,,,,,,,,,,,,,,,,;;;;;;;
,,,,,,,,,,,,,,,,;;;;;;;
,,,,,,,,,,,,,,,,;;;;;;;
,,,,,,,,,,,,,,,,;;;;;;;
,,,,,,,,,,,,,,,,;;;;;;;
,,,,,,,,,,,,,,,,;;;;;;;
,,,,,,,,,,,,,,,,;;;;;;;
,,,,,,,,,,,,,,,,;;;;;;;
,,,,,,,,,,,,,,,,;;;;;;;
,,,,,,,,,,,,,,,,;;;;;;;
,,,,,,,,,,,,,,,,;;;;;;;
,,,,,,,,,,,,,,,,;;;;;;;
,,,,,,,,,,,,,,,,;;;;;;;
,,,,,,,,,,,,,,,,;;;;;;;
,,,,,,,,,,,,,,,,;;;;;;;
,,,,,,,,,,,,,,,,;;;;;;;
,,,,,,,,,,,,,,,,;;;;;;;
,,,,,,,,,,,,,,,,;;;;;;;
,,,,,,,,,,,,,,,,;;;;;;;
,,,,,,,,,,,,,,,,;;;;;;;
,,,,,,,,,,,,,,,,;;;;;;;
,,,,,,,,,,,,,,,,;;;;;;;
,,,,,,,,,,,,,,,,;;;;;;;
,,,,,,,,,,,,,,,,;;;;;;;
,,,,,,,,,,,,,,,,;;;;;;;
,,,,,,,,,,,,,,,,;;;;;;;
,,,,,,,,,,,,,,,,;;;;;;;
,,,,,,,,,,,,,,,,;;;;;;;
,,,,,,,,,,,,,,,,;;;;;;;
,,,,,,,,,,,,,,,,;;;;;;;
,,,,,,,,,,,,,,,,;;;;;;;
,,,,,,,,,,,,,,,,;;;;;;;
,,,,,,,,,,,,,,,,;;;;;;;
,,,,,,,,,,,,,,,,;;;;;;;
,,,,,,,,,,,,,,,,;;;;;;;
,,,,,,,,,,,,,,,,;;;;;;;
,,,,,,,,,,,,,,,,;;;;;;;
,,,,,,,,,,,,,,,,;;;;;;;
,,,,,,,,,,,,,,,,;;;;;;;
,,,,,,,,,,,,,,,,;;;;;;;
,,,,,,,,,,,,,,,,;;;;;;;
,,,,,,,,,,,,,,,,;;;;;;;
,,,,,,,,,,,,,,,,;;;;;;;
,,,,,,,,,,,,,,,,;;;;;;;
,,,,,,,,,,,,,,,,;;;;;;;
,,,,,,,,,,,,,,,,;;;;;;;
,,,,,,,,,,,,,,,,;;;;;;;
,,,,,,,,,,,,,,,,;;;;;;;
,,,,,,,,,,,,,,,,;;;;;;;
,,,,,,,,,,,,,,,,;;;;;;;
,,,,,,,,,,,,,,,,;;;;;;;
,,,,,,,,,,,,,,,,;;;;;;;
,,,,,,,,,,,,,,,,;;;;;;;
,,,,,,,,,,,,,,,,;;;;;;;
,,,,,,,,,,,,,,,,;;;;;;;
,,,,,,,,,,,,,,,,;;;;;;;
,,,,,,,,,,,,,,,,;;;;;;;
,,,,,,,,,,,,,,,,;;;;;;;
,,,,,,,,,,,,,,,,;;;;;;;
,,,,,,,,,,,,,,,,;;;;;;;
,,,,,,,,,,,,,,,,;;;;;;;
,,,,,,,,,,,,,,,,;;;;;;;
,,,,,,,,,,,,,,,,;;;;;;;
,,,,,,,,,,,,,,,,;;;;;;;
,,,,,,,,,,,,,,,,;;;;;;;
,,,,,,,,,,,,,,,,;;;;;;;
,,,,,,,,,,,,,,,,;;;;;;;
,,,,,,,,,,,,,,,,;;;;;;;
,,,,,,,,,,,,,,,,;;;;;;;
,,,,,,,,,,,,,,,,;;;;;;;
,,,,,,,,,,,,,,,,;;;;;;;
,,,,,,,,,,,,,,,,;;;;;;;
,,,,,,,,,,,,,,,,;;;;;;;
,,,,,,,,,,,,,,,,;;;;;;;
,,,,,,,,,,,,,,,,;;;;;;;
,,,,,,,,,,,,,,,,;;;;;;;
,,,,,,,,,,,,,,,,;;;;;;;
,,,,,,,,,,,,,,,,;;;;;;;
,,,,,,,,,,,,,,,,;;;;;;;
,,,,,,,,,,,,,,,,;;;;;;;
,,,,,,,,,,,,,,,,;;;;;;;
,,,,,,,,,,,,,,,,;;;;;;;
,,,,,,,,,,,,,,,,;;;;;;;
,,,,,,,,,,,,,,,,;;;;;;;
,,,,,,,,,,,,,,,,;;;;;;;
,,,,,,,,,,,,,,,,;;;;;;;
,,,,,,,,,,,,,,,,;;;;;;;
,,,,,,,,,,,,,,,,;;;;;;;
,,,,,,,,,,,,,,,,;;;;;;;
,,,,,,,,,,,,,,,,;;;;;;;
,,,,,,,,,,,,,,,,;;;;;;;
,,,,,,,,,,,,,,,,;;;;;;;
,,,,,,,,,,,,,,,,;;;;;;;
,,,,,,,,,,,,,,,,;;;;;;;
,,,,,,,,,,,,,,,,;;;;;;;
,,,,,,,,,,,,,,,,;;;;;;;
,,,,,,,,,,,,,,,,;;;;;;;
,,,,,,,,,,,,,,,,;;;;;;;
,,,,,,,,,,,,,,,,;;;;;;;
,,,,,,,,,,,,,,,,;;;;;;;
,,,,,,,,,,,,,,,,;;;;;;;
,,,,,,,,,,,,,,,,;;;;;;;
,,,,,,,,,,,,,,,,;;;;;;;
,,,,,,,,,,,,,,,,;;;;;;;
,,,,,,,,,,,,,,,,;;;;;;;
,,,,,,,,,,,,,,,,;;;;;;;
,,,,,,,,,,,,,,,,;;;;;;;
,,,,,,,,,,,,,,,,;;;;;;;
,,,,,,,,,,,,,,,,;;;;;;;
,,,,,,,,,,,,,,,,;;;;;;;
,,,,,,,,,,,,,,,,;;;;;;;
,,,,,,,,,,,,,,,,;;;;;;;
,,,,,,,,,,,,,,,,;;;;;;;
,,,,,,,,,,,,,,,,;;;;;;;
,,,,,,,,,,,,,,,,;;;;;;;
,,,,,,,,,,,,,,,,;;;;;;;
,,,,,,,,,,,,,,,,;;;;;;;
,,,,,,,,,,,,,,,,;;;;;;;
,,,,,,,,,,,,,,,,;;;;;;;
,,,,,,,,,,,,,,,,;;;;;;;
,,,,,,,,,,,,,,,,;;;;;;;
,,,,,,,,,,,,,,,,;;;;;;;
,,,,,,,,,,,,,,,,;;;;;;;
,,,,,,,,,,,,,,,,;;;;;;;
,,,,,,,,,,,,,,,,;;;;;;;
,,,,,,,,,,,,,,,,;;;;;;;
,,,,,,,,,,,,,,,,;;;;;;;
,,,,,,,,,,,,,,,,;;;;;;;
,,,,,,,,,,,,,,,,;;;;;;;
,,,,,,,,,,,,,,,,;;;;;;;
,,,,,,,,,,,,,,,,;;;;;;;
,,,,,,,,,,,,,,,,;;;;;;;
,,,,,,,,,,,,,,,,;;;;;;;
,,,,,,,,,,,,,,,,;;;;;;;
,,,,,,,,,,,,,,,,;;;;;;;
,,,,,,,,,,,,,,,,;;;;;;;
,,,,,,,,,,,,,,,,;;;;;;;
,,,,,,,,,,,,,,,,;;;;;;;
,,,,,,,,,,,,,,,,;;;;;;;
,,,,,,,,,,,,,,,,;;;;;;;
,,,,,,,,,,,,,,,,;;;;;;;
,,,,,,,,,,,,,,,,;;;;;;;
,,,,,,,,,,,,,,,,;;;;;;;
,,,,,,,,,,,,,,,,;;;;;;;
,,,,,,,,,,,,,,,,;;;;;;;
,,,,,,,,,,,,,,,,;;;;;;;
,,,,,,,,,,,,,,,,;;;;;;;
,,,,,,,,,,,,,,,,;;;;;;;
,,,,,,,,,,,,,,,,;;;;;;;
,,,,,,,,,,,,,,,,;;;;;;;
,,,,,,,,,,,,,,,,;;;;;;;
,,,,,,,,,,,,,,,,;;;;;;;
,,,,,,,,,,,,,,,,;;;;;;;
,,,,,,,,,,,,,,,,;;;;;;;
,,,,,,,,,,,,,,,,;;;;;;;
,,,,,,,,,,,,,,,,;;;;;;;
,,,,,,,,,,,,,,,,;;;;;;;
,,,,,,,,,,,,,,,,;;;;;;;
,,,,,,,,,,,,,,,,;;;;;;;
,,,,,,,,,,,,,,,,;;;;;;;
,,,,,,,,,,,,,,,,;;;;;;;
,,,,,,,,,,,,,,,,;;;;;;;
,,,,,,,,,,,,,,,,;;;;;;;
,,,,,,,,,,,,,,,,;;;;;;;
,,,,,,,,,,,,,,,,;;;;;;;
,,,,,,,,,,,,,,,,;;;;;;;
,,,,,,,,,,,,,,,,;;;;;;;
,,,,,,,,,,,,,,,,;;;;;;;
,,,,,,,,,,,,,,,,;;;;;;;
,,,,,,,,,,,,,,,,;;;;;;;
,,,,,,,,,,,,,,,,;;;;;;;
,,,,,,,,,,,,,,,,;;;;;;;
,,,,,,,,,,,,,,,,;;;;;;;
,,,,,,,,,,,,,,,,;;;;;;;
,,,,,,,,,,,,,,,,;;;;;;;
,,,,,,,,,,,,,,,,;;;;;;;
,,,,,,,,,,,,,,,,;;;;;;;
,,,,,,,,,,,,,,,,;;;;;;;
,,,,,,,,,,,,,,,,;;;;;;;
,,,,,,,,,,,,,,,,;;;;;;;
,,,,,,,,,,,,,,,,;;;;;;;
,,,,,,,,,,,,,,,,;;;;;;;
,,,,,,,,,,,,,,,,;;;;;;;
,,,,,,,,,,,,,,,,;;;;;;;
,,,,,,,,,,,,,,,,;;;;;;;
,,,,,,,,,,,,,,,,;;;;;;;
,,,,,,,,,,,,,,,,;;;;;;;
,,,,,,,,,,,,,,,,;;;;;;;
,,,,,,,,,,,,,,,,;;;;;;;
,,,,,,,,,,,,,,,,;;;;;;;
,,,,,,,,,,,,,,,,;;;;;;;
,,,,,,,,,,,,,,,,;;;;;;;
,,,,,,,,,,,,,,,,;;;;;;;
,,,,,,,,,,,,,,,,;;;;;;;
,,,,,,,,,,,,,,,,;;;;;;;
,,,,,,,,,,,,,,,,;;;;;;;
,,,,,,,,,,,,,,,,;;;;;;;
,,,,,,,,,,,,,,,,;;;;;;;
,,,,,,,,,,,,,,,,;;;;;;;
,,,,,,,,,,,,,,,,;;;;;;;
,,,,,,,,,,,,,,,,;;;;;;;
,,,,,,,,,,,,,,,,;;;;;;;
,,,,,,,,,,,,,,,,;;;;;;;
,,,,,,,,,,,,,,,,;;;;;;;
,,,,,,,,,,,,,,,,;;;;;;;
,,,,,,,,,,,,,,,,;;;;;;;
,,,,,,,,,,,,,,,,;;;;;;;
,,,,,,,,,,,,,,,,;;;;;;;
,,,,,,,,,,,,,,,,;;;;;;;
,,,,,,,,,,,,,,,,;;;;;;;
,,,,,,,,,,,,,,,,;;;;;;;
,,,,,,,,,,,,,,,,;;;;;;;
,,,,,,,,,,,,,,,,;;;;;;;
,,,,,,,,,,,,,,,,;;;;;;;
,,,,,,,,,,,,,,,,;;;;;;;
,,,,,,,,,,,,,,,,;;;;;;;
,,,,,,,,,,,,,,,,;;;;;;;
,,,,,,,,,,,,,,,,;;;;;;;
,,,,,,,,,,,,,,,,;;;;;;;
,,,,,,,,,,,,,,,,;;;;;;;
,,,,,,,,,,,,,,,,;;;;;;;
,,,,,,,,,,,,,,,,;;;;;;;
,,,,,,,,,,,,,,,,;;;;;;;
,,,,,,,,,,,,,,,,;;;;;;;
,,,,,,,,,,,,,,,,;;;;;;;
,,,,,,,,,,,,,,,,;;;;;;;
,,,,,,,,,,,,,,,,;;;;;;;
,,,,,,,,,,,,,,,,;;;;;;;
,,,,,,,,,,,,,,,,;;;;;;;
,,,,,,,,,,,,,,,,;;;;;;;
,,,,,,,,,,,,,,,,;;;;;;;
,,,,,,,,,,,,,,,,;;;;;;;
,,,,,,,,,,,,,,,,;;;;;;;
,,,,,,,,,,,,,,,,;;;;;;;
,,,,,,,,,,,,,,,,;;;;;;;
,,,,,,,,,,,,,,,,;;;;;;;
,,,,,,,,,,,,,,,,;;;;;;;
,,,,,,,,,,,,,,,,;;;;;;;
,,,,,,,,,,,,,,,,;;;;;;;
,,,,,,,,,,,,,,,,;;;;;;;
,,,,,,,,,,,,,,,,;;;;;;;
,,,,,,,,,,,,,,,,;;;;;;;
,,,,,,,,,,,,,,,,;;;;;;;
,,,,,,,,,,,,,,,,;;;;;;;
,,,,,,,,,,,,,,,,;;;;;;;
,,,,,,,,,,,,,,,,;;;;;;;
,,,,,,,,,,,,,,,,;;;;;;;
,,,,,,,,,,,,,,,,;;;;;;;
,,,,,,,,,,,,,,,,;;;;;;;
,,,,,,,,,,,,,,,,;;;;;;;
,,,,,,,,,,,,,,,,;;;;;;;
,,,,,,,,,,,,,,,,;;;;;;;
,,,,,,,,,,,,,,,,;;;;;;;
,,,,,,,,,,,,,,,,;;;;;;;
,,,,,,,,,,,,,,,,;;;;;;;
,,,,,,,,,,,,,,,,;;;;;;;
,,,,,,,,,,,,,,,,;;;;;;;
,,,,,,,,,,,,,,,,;;;;;;;
,,,,,,,,,,,,,,,,;;;;;;;
,,,,,,,,,,,,,,,,;;;;;;;
,,,,,,,,,,,,,,,,;;;;;;;
,,,,,,,,,,,,,,,,;;;;;;;
,,,,,,,,,,,,,,,,;;;;;;;
,,,,,,,,,,,,,,,,;;;;;;;
,,,,,,,,,,,,,,,,;;;;;;;
,,,,,,,,,,,,,,,,;;;;;;;
,,,,,,,,,,,,,,,,;;;;;;;
,,,,,,,,,,,,,,,,;;;;;;;
,,,,,,,,,,,,,,,,;;;;;;;
,,,,,,,,,,,,,,,,;;;;;;;
,,,,,,,,,,,,,,,,;;;;;;;
,,,,,,,,,,,,,,,,;;;;;;;
,,,,,,,,,,,,,,,,;;;;;;;
,,,,,,,,,,,,,,,,;;;;;;;
,,,,,,,,,,,,,,,,;;;;;;;
,,,,,,,,,,,,,,,,;;;;;;;
,,,,,,,,,,,,,,,,;;;;;;;
,,,,,,,,,,,,,,,,;;;;;;;
,,,,,,,,,,,,,,,,;;;;;;;
,,,,,,,,,,,,,,,,;;;;;;;
,,,,,,,,,,,,,,,,;;;;;;;
,,,,,,,,,,,,,,,,;;;;;;;
,,,,,,,,,,,,,,,,;;;;;;;
,,,,,,,,,,,,,,,,;;;;;;;
,,,,,,,,,,,,,,,,;;;;;;;
,,,,,,,,,,,,,,,,;;;;;;;
,,,,,,,,,,,,,,,,;;;;;;;
,,,,,,,,,,,,,,,,;;;;;;;
